station_id;year;month;departure;arrival
101;2022;1;551016;551016
101;2022;2;610430;610430
101;2022;3;712428.5;712428.5
101;2022;4;680537.5;680537.5
101;2022;5;684452.5;684452.5
101;2022;6;665962;665962
101;2021;7;702670.5;702670.5
101;2021;8;586880.5;586880.5
101;2021;9;535039.5;535039.5
101;2021;10;543255;543255
101;2021;11;575172.5;575172.5
101;2021;12;595989;595989
102;2022;1;579184.5;579184.5
102;2022;2;444748.5;444748.5
102;2022;3;497419;497419
102;2022;4;496755;496755
102;2022;5;486931;486931
102;2022;6;458568.5;458568.5
102;2021;7;498953;498953
102;2021;8;635890.5;635890.5
102;2021;9;553406.5;553406.5
102;2021;10;548798.5;548798.5
102;2021;11;557945;557945
102;2021;12;590748;590748
103;2022;1;692005;692005
103;2022;2;506194;506194
103;2022;3;599717.5;599717.5
103;2022;4;574655.5;574655.5
103;2022;5;553856;553856
103;2022;6;536706;536706
103;2021;7;562213;562213
103;2021;8;697758.5;697758.5
103;2021;9;623844.5;623844.5
103;2021;10;630195.5;630195.5
103;2021;11;670190.5;670190.5
103;2021;12;689188;689188
104;2022;1;677763.5;677763.5
104;2022;2;418691.5;418691.5
104;2022;3;513507.5;513507.5
104;2022;4;491489.5;491489.5
104;2022;5;484126.5;484126.5
104;2022;6;474675;474675
104;2021;7;494284;494284
104;2021;8;685251;685251
104;2021;9;626248;626248
104;2021;10;617610.5;617610.5
104;2021;11;647408.5;647408.5
104;2021;12;663910;663910
105;2022;1;1054433;1054433
105;2022;2;806568.5;806568.5
105;2022;3;945820.5;945820.5
105;2022;4;941714;941714
105;2022;5;922740.5;922740.5
105;2022;6;934948.5;934948.5
105;2021;7;1013038.5;1013038.5
105;2021;8;1221728.5;1221728.5
105;2021;9;1055193;1055193
105;2021;10;1056025;1056025
105;2021;11;1115730;1115730
105;2021;12;1153459;1153459
106;2022;1;508160;508160
106;2022;2;376150.5;376150.5
106;2022;3;429911.5;429911.5
106;2022;4;414853.5;414853.5
106;2022;5;406102;406102
106;2022;6;406249;406249
106;2021;7;436870.5;436870.5
106;2021;8;525790.5;525790.5
106;2021;9;492269;492269
106;2021;10;494996.5;494996.5
106;2021;11;530127;530127
106;2021;12;542178.5;542178.5
107;2022;1;472271;472271
107;2022;2;328460.5;328460.5
107;2022;3;428500;428500
107;2022;4;418718.5;418718.5
107;2022;5;370298.5;370298.5
107;2022;6;362280.5;362280.5
107;2021;7;391264;391264
107;2021;8;499226;499226
107;2021;9;446646;446646
107;2021;10;443931;443931
107;2021;11;466053.5;466053.5
107;2021;12;485906.5;485906.5
108;2022;1;590868.5;590868.5
108;2022;2;487738;487738
108;2022;3;562117.5;562117.5
108;2022;4;575551.5;575551.5
108;2022;5;522014;522014
108;2022;6;546616.5;546616.5
108;2021;7;691714.5;691714.5
108;2021;8;936143.5;936143.5
108;2021;9;590897;590897
108;2021;10;635436.5;635436.5
108;2021;11;607658.5;607658.5
108;2021;12;613959.5;613959.5
109;2022;1;510734;510734
109;2022;2;441592;441592
109;2022;3;528482.5;528482.5
109;2022;4;492058.5;492058.5
109;2022;5;455898;455898
109;2022;6;443271;443271
109;2021;7;456695.5;456695.5
109;2021;8;509277;509277
109;2021;9;472677.5;472677.5
109;2021;10;479718;479718
109;2021;11;542378.5;542378.5
109;2021;12;528745;528745
110;2022;1;633372.5;633372.5
110;2022;2;457299;457299
110;2022;3;530878.5;530878.5
110;2022;4;496062.5;496062.5
110;2022;5;488133.5;488133.5
110;2022;6;476612;476612
110;2021;7;509877;509877
110;2021;8;640814;640814
110;2021;9;586398;586398
110;2021;10;577775.5;577775.5
110;2021;11;629091.5;629091.5
110;2021;12;663913.5;663913.5
111;2022;1;922374;922374
111;2022;2;605685;605685
111;2022;3;696852;696852
111;2022;4;635214;635214
111;2022;5;633222.5;633222.5
111;2022;6;626735.5;626735.5
111;2021;7;670212.5;670212.5
111;2021;8;915234;915234
111;2021;9;807674.5;807674.5
111;2021;10;794401.5;794401.5
111;2021;11;875992.5;875992.5
111;2021;12;944679.5;944679.5
112;2022;1;2142756.5;2142756.5
112;2022;2;1363519.5;1363519.5
112;2022;3;1458211;1458211
112;2022;4;1537108;1537108
112;2022;5;1434065;1434065
112;2022;6;1403024.5;1403024.5
112;2021;7;1606409;1606409
112;2021;8;2073366.5;2073366.5
112;2021;9;1666421;1666421
112;2021;10;2305181;2305181
112;2021;11;1848108;1848108
112;2021;12;1932338.5;1932338.5
113;2022;1;362234;362234
113;2022;2;377635.5;377635.5
113;2022;3;325099;325099
113;2022;4;484477;484477
113;2022;5;342424;342424
113;2022;6;373201.5;373201.5
113;2021;7;558753.5;558753.5
113;2021;8;819213;819213
113;2021;9;358338;358338
113;2021;10;438414;438414
113;2021;11;418362.5;418362.5
113;2021;12;373556.5;373556.5
114;2022;1;770086.5;770086.5
114;2022;2;904447;904447
114;2022;3;819866.5;819866.5
114;2022;4;960456;960456
114;2022;5;866314;866314
114;2022;6;1032752;1032752
114;2021;7;1508708.5;1508708.5
114;2021;8;1706317;1706317
114;2021;9;670229.5;670229.5
114;2021;10;835244;835244
114;2021;11;734954.5;734954.5
114;2021;12;620396;620396
115;2022;1;1077530;1077530
115;2022;2;908916.5;908916.5
115;2022;3;878736.5;878736.5
115;2022;4;1190485;1190485
115;2022;5;1129491;1129491
115;2022;6;948615.5;948615.5
115;2021;7;1340447.5;1340447.5
115;2021;8;1556109.5;1556109.5
115;2021;9;919289.5;919289.5
115;2021;10;862193;862193
115;2021;11;959061;959061
115;2021;12;990813;990813
116;2022;1;1036188.5;1036188.5
116;2022;2;709863.5;709863.5
116;2022;3;812319.5;812319.5
116;2022;4;763055;763055
116;2022;5;740776;740776
116;2022;6;745235;745235
116;2021;7;817239.5;817239.5
116;2021;8;1060273;1060273
116;2021;9;875801;875801
116;2021;10;1372329.5;1372329.5
116;2021;11;989746;989746
116;2021;12;1033094.5;1033094.5
117;2022;1;801086.5;801086.5
117;2022;2;583125;583125
117;2022;3;669683.5;669683.5
117;2022;4;634782;634782
117;2022;5;627443;627443
117;2022;6;643635.5;643635.5
117;2021;7;696967.5;696967.5
117;2021;8;842503;842503
117;2021;9;688746.5;688746.5
117;2021;10;720755.5;720755.5
117;2021;11;773959;773959
117;2021;12;802665;802665
118;2022;1;832778;832778
118;2022;2;591540;591540
118;2022;3;664858.5;664858.5
118;2022;4;633034.5;633034.5
118;2022;5;628205.5;628205.5
118;2022;6;648099;648099
118;2021;7;694915;694915
118;2021;8;869994.5;869994.5
118;2021;9;748241;748241
118;2021;10;752312;752312
118;2021;11;814839.5;814839.5
118;2021;12;852265;852265
119;2022;1;1993756.5;1993756.5
119;2022;2;1704718.5;1704718.5
119;2022;3;1905865.5;1905865.5
119;2022;4;1833441;1833441
119;2022;5;1789014;1789014
119;2022;6;1804924.5;1804924.5
119;2021;7;1968894.5;1968894.5
119;2021;8;2096383.5;2096383.5
119;2021;9;1785714;1785714
119;2021;10;1796661;1796661
119;2021;11;1945834.5;1945834.5
119;2021;12;2006034.5;2006034.5
120;2022;1;1986071;1986071
120;2022;2;1450619.5;1450619.5
120;2022;3;1644584.5;1644584.5
120;2022;4;1597156;1597156
120;2022;5;1544484;1544484
120;2022;6;1533871;1533871
120;2021;7;1628951;1628951
120;2021;8;2059218.5;2059218.5
120;2021;9;1759345;1759345
120;2021;10;1801677.5;1801677.5
120;2021;11;1935577;1935577
120;2021;12;2033453;2033453
121;2022;1;509169.5;509169.5
121;2022;2;509169.5;509169.5
121;2022;3;577002;577002
121;2022;4;552388;552388
121;2022;5;539528.5;539528.5
121;2022;6;529560;529560
121;2021;7;550137.5;550137.5
121;2021;8;550137.5;550137.5
121;2021;9;550137.5;550137.5
121;2021;10;550137.5;550137.5
121;2021;11;550137.5;550137.5
121;2021;12;550137.5;550137.5
122;2022;1;668087;668087
122;2022;2;668087;668087
122;2022;3;758908;758908
122;2022;4;704881.5;704881.5
122;2022;5;700344;700344
122;2022;6;685349;685349
122;2021;7;712330.5;712330.5
122;2021;8;712330.5;712330.5
122;2021;9;712330.5;712330.5
122;2021;10;712330.5;712330.5
122;2021;11;712330.5;712330.5
122;2021;12;712330.5;712330.5
123;2022;1;287661.5;287661.5
123;2022;2;279940.5;279940.5
123;2022;3;340141.5;340141.5
123;2022;4;320991;320991
123;2022;5;320841;320841
123;2022;6;315768.5;315768.5
123;2021;7;330397.5;330397.5
123;2021;8;316657;316657
123;2021;9;300489.5;300489.5
123;2021;10;291637;291637
123;2021;11;311523;311523
123;2021;12;321284.5;321284.5
124;2022;1;469965.5;469965.5
124;2022;2;475718.5;475718.5
124;2022;3;618817;618817
124;2022;4;601279;601279
124;2022;5;584571.5;584571.5
124;2022;6;584145.5;584145.5
124;2021;7;574576.5;574576.5
124;2021;8;494771.5;494771.5
124;2021;9;484252;484252
124;2021;10;481279;481279
124;2021;11;516926;516926
124;2021;12;517708;517708
125;2022;1;584980;584980
125;2022;2;457431.5;457431.5
125;2022;3;531748.5;531748.5
125;2022;4;503498;503498
125;2022;5;495525.5;495525.5
125;2022;6;485233;485233
125;2021;7;512899;512899
125;2021;8;591313.5;591313.5
125;2021;9;531914.5;531914.5
125;2021;10;520174;520174
125;2021;11;551194.5;551194.5
125;2021;12;563881.5;563881.5
126;2022;1;380448;380448
126;2022;2;350121;350121
126;2022;3;407474.5;407474.5
126;2022;4;389112.5;389112.5
126;2022;5;385316;385316
126;2022;6;374534;374534
126;2021;7;394035.5;394035.5
126;2021;8;375346.5;375346.5
126;2021;9;335798;335798
126;2021;10;335536;335536
126;2021;11;353209;353209
126;2021;12;358170.5;358170.5
127;2022;1;140862;140862
127;2022;2;134605.5;134605.5
127;2022;3;155332;155332
127;2022;4;147963.5;147963.5
127;2022;5;147366;147366
127;2022;6;144366.5;144366.5
127;2021;7;150472.5;150472.5
127;2021;8;140134.5;140134.5
127;2021;9;126453;126453
127;2021;10;124084;124084
127;2021;11;131918.5;131918.5
127;2021;12;135736;135736
128;2022;1;575707;575707
128;2022;2;550783.5;550783.5
128;2022;3;634259;634259
128;2022;4;611961;611961
128;2022;5;602071.5;602071.5
128;2022;6;587426;587426
128;2021;7;620863.5;620863.5
128;2021;8;614524;614524
128;2021;9;553797.5;553797.5
128;2021;10;553038.5;553038.5
128;2021;11;563262.5;563262.5
128;2021;12;570668.5;570668.5
129;2022;1;347213;347213
129;2022;2;311367.5;311367.5
129;2022;3;355851.5;355851.5
129;2022;4;336445;336445
129;2022;5;339084.5;339084.5
129;2022;6;333534;333534
129;2021;7;348788;348788
129;2021;8;347424.5;347424.5
129;2021;9;316827;316827
129;2021;10;483013;483013
129;2021;11;388231.5;388231.5
129;2021;12;341109.5;341109.5
130;2022;1;363978.5;363978.5
130;2022;2;300605.5;300605.5
130;2022;3;336407.5;336407.5
130;2022;4;323300.5;323300.5
130;2022;5;320257;320257
130;2022;6;321270;321270
130;2021;7;339273;339273
130;2021;8;394332;394332
130;2021;9;353591;353591
130;2021;10;279173;279173
130;2021;11;324969;324969
130;2021;12;359346;359346
131;2022;1;536830.5;536830.5
131;2022;2;422686;422686
131;2022;3;479193;479193
131;2022;4;459474.5;459474.5
131;2022;5;460322.5;460322.5
131;2022;6;455793;455793
131;2021;7;477699;477699
131;2021;8;564707;564707
131;2021;9;510366;510366
131;2021;10;399967.5;399967.5
131;2021;11;486530;486530
131;2021;12;533702.5;533702.5
132;2022;1;263875;263875
132;2022;2;187198.5;187198.5
132;2022;3;209517;209517
132;2022;4;199491;199491
132;2022;5;200612;200612
132;2022;6;203220.5;203220.5
132;2021;7;217730;217730
132;2021;8;305741;305741
132;2021;9;273533.5;273533.5
132;2021;10;213275;213275
132;2021;11;253115.5;253115.5
132;2021;12;268899.5;268899.5
133;2022;1;514654.5;514654.5
133;2022;2;339660;339660
133;2022;3;380978;380978
133;2022;4;369437.5;369437.5
133;2022;5;374344.5;374344.5
133;2022;6;362564.5;362564.5
133;2021;7;393399;393399
133;2021;8;546082.5;546082.5
133;2021;9;497744;497744
133;2021;10;398365;398365
133;2021;11;451611;451611
133;2021;12;501063;501063
134;2022;1;0;0
134;2022;2;0;0
134;2022;3;0;0
134;2022;4;0;0
134;2022;5;0;0
134;2022;6;0;0
134;2021;7;0;0
134;2021;8;0;0
134;2021;9;0;0
134;2021;10;0;0
134;2021;11;0;0
134;2021;12;0;0
135;2022;1;0;0
135;2022;2;0;0
135;2022;3;0;0
135;2022;4;0;0
135;2022;5;0;0
135;2022;6;0;0
135;2021;7;0;0
135;2021;8;0;0
135;2021;9;0;0
135;2021;10;0;0
135;2021;11;0;0
135;2021;12;0;0
201;2022;1;1945239.5;1945239.5
201;2022;2;1233617;1233617
201;2022;3;1372027.5;1372027.5
201;2022;4;1297514.5;1297514.5
201;2022;5;1283461.5;1283461.5
201;2022;6;1270910;1270910
201;2021;7;1339303.5;1339303.5
201;2021;8;2021455.5;2021455.5
201;2021;9;1823038;1823038
201;2021;10;1828497.5;1828497.5
201;2021;11;1861914.5;1861914.5
201;2021;12;1925874.5;1925874.5
202;2022;1;897739.5;897739.5
202;2022;2;574950;574950
202;2022;3;667160.5;667160.5
202;2022;4;649316.5;649316.5
202;2022;5;645059;645059
202;2022;6;670797;670797
202;2021;7;708666;708666
202;2021;8;925687.5;925687.5
202;2021;9;790302;790302
202;2021;10;803186.5;803186.5
202;2021;11;873546.5;873546.5
202;2021;12;908038;908038
203;2022;1;1809768;1809768
203;2022;2;1302764;1302764
203;2022;3;1491725;1491725
203;2022;4;1390229.5;1390229.5
203;2022;5;1371384;1371384
203;2022;6;1386343.5;1386343.5
203;2021;7;1441616.5;1441616.5
203;2021;8;1808898.5;1808898.5
203;2021;9;1671398.5;1671398.5
203;2021;10;1592169;1592169
203;2021;11;1751675.5;1751675.5
203;2021;12;1833853.5;1833853.5
205;2022;1;2039025.5;2039025.5
205;2022;2;1067154;1067154
205;2022;3;1056308;1056308
205;2022;4;1310237.5;1310237.5
205;2022;5;1318497.5;1318497.5
205;2022;6;1363167.5;1363167.5
205;2021;7;1566658.5;1566658.5
205;2021;8;2689720.5;2689720.5
205;2021;9;2037576;2037576
205;2021;10;2116989.5;2116989.5
205;2021;11;1762409;1762409
205;2021;12;1732523;1732523
206;2022;1;1432864;1432864
206;2022;2;959354;959354
206;2022;3;1050616.5;1050616.5
206;2022;4;1036594;1036594
206;2022;5;1003063;1003063
206;2022;6;1006437;1006437
206;2021;7;1143327;1143327
206;2021;8;1586800;1586800
206;2021;9;1260249.5;1260249.5
206;2021;10;1395361;1395361
206;2021;11;1383642.5;1383642.5
206;2021;12;1424950.5;1424950.5
207;2022;1;691379.5;691379.5
207;2022;2;809804;809804
207;2022;3;654720.5;654720.5
207;2022;4;842083.5;842083.5
207;2022;5;676440.5;676440.5
207;2022;6;890286.5;890286.5
207;2021;7;1332656.5;1332656.5
207;2021;8;1184549;1184549
207;2021;9;525164.5;525164.5
207;2021;10;587022;587022
207;2021;11;626310.5;626310.5
207;2021;12;583327;583327
208;2022;1;304948;304948
208;2022;2;225241;225241
208;2022;3;256022;256022
208;2022;4;275086.5;275086.5
208;2022;5;268515.5;268515.5
208;2022;6;234376;234376
208;2021;7;241032;241032
208;2021;8;286603;286603
208;2021;9;298905.5;298905.5
208;2021;10;404122.5;404122.5
208;2021;11;291253.5;291253.5
208;2021;12;303480;303480
209;2022;1;608818;608818
209;2022;2;486637.5;486637.5
209;2022;3;572247;572247
209;2022;4;540003.5;540003.5
209;2022;5;531939;531939
209;2022;6;531653;531653
209;2021;7;548639.5;548639.5
209;2021;8;647106;647106
209;2021;9;576511.5;576511.5
209;2021;10;619280.5;619280.5
209;2021;11;627627;627627
209;2021;12;647660.5;647660.5
210;2022;1;768570;768570
210;2022;2;432372;432372
210;2022;3;509600;509600
210;2022;4;469298;469298
210;2022;5;462630;462630
210;2022;6;457405.5;457405.5
210;2021;7;464563.5;464563.5
210;2021;8;740211;740211
210;2021;9;701709.5;701709.5
210;2021;10;675145;675145
210;2021;11;724867;724867
210;2021;12;752309.5;752309.5
212;2022;1;1047425;1047425
212;2022;2;759484;759484
212;2022;3;869216;869216
212;2022;4;793584;793584
212;2022;5;782876;782876
212;2022;6;774509;774509
212;2021;7;824645.5;824645.5
212;2021;8;1034697.5;1034697.5
212;2021;9;949270;949270
212;2021;10;932006.5;932006.5
212;2021;11;1027352;1027352
212;2021;12;1083759.5;1083759.5
213;2022;1;659187.5;659187.5
213;2022;2;533356;533356
213;2022;3;631095.5;631095.5
213;2022;4;588205.5;588205.5
213;2022;5;589329;589329
213;2022;6;585428.5;585428.5
213;2021;7;594514.5;594514.5
213;2021;8;677982.5;677982.5
213;2021;9;638595;638595
213;2021;10;624552;624552
213;2021;11;676045.5;676045.5
213;2021;12;707589.5;707589.5
214;2022;1;2224161.5;2224161.5
214;2022;2;2224161.5;2224161.5
214;2022;3;2440180.5;2440180.5
214;2022;4;2436941;2436941
214;2022;5;2395564;2395564
214;2022;6;2372433;2372433
214;2021;7;2538767;2538767
214;2021;8;2538767;2538767
214;2021;9;2538767;2538767
214;2021;10;2538767;2538767
214;2021;11;2538767;2538767
214;2021;12;2538767;2538767
215;2022;1;1226618;1226618
215;2022;2;822405;822405
215;2022;3;970521;970521
215;2022;4;971271.5;971271.5
215;2022;5;936078.5;936078.5
215;2022;6;925414.5;925414.5
215;2021;7;1028304.5;1028304.5
215;2021;8;1383531.5;1383531.5
215;2021;9;1193380;1193380
215;2021;10;1208056.5;1208056.5
215;2021;11;1206043.5;1206043.5
215;2021;12;1214500;1214500
216;2022;1;516665;516665
216;2022;2;451926;451926
216;2022;3;497559;497559
216;2022;4;506777.5;506777.5
216;2022;5;500555;500555
216;2022;6;466251;466251
216;2021;7;492166.5;492166.5
216;2021;8;522885.5;522885.5
216;2021;9;476078.5;476078.5
216;2021;10;490618;490618
216;2021;11;492814;492814
216;2021;12;506425.5;506425.5
217;2022;1;422197;422197
217;2022;2;312504.5;312504.5
217;2022;3;353872;353872
217;2022;4;343622;343622
217;2022;5;333305;333305
217;2022;6;327053;327053
217;2021;7;337174.5;337174.5
217;2021;8;441348.5;441348.5
217;2021;9;404324.5;404324.5
217;2021;10;402424;402424
217;2021;11;426949;426949
217;2021;12;440056;440056
218;2022;1;802027;802027
218;2022;2;742934.5;742934.5
218;2022;3;802951;802951
218;2022;4;801777.5;801777.5
218;2022;5;750826;750826
218;2022;6;748898.5;748898.5
218;2021;7;830438;830438
218;2021;8;866036.5;866036.5
218;2021;9;758343;758343
218;2021;10;750923;750923
218;2021;11;789038;789038
218;2021;12;775809;775809
501;2022;1;1437632;1437632
501;2022;2;1041685;1041685
501;2022;3;1207977.5;1207977.5
501;2022;4;1148495.5;1148495.5
501;2022;5;1150767;1150767
501;2022;6;1135893;1135893
501;2021;7;1182884;1182884
501;2021;8;1541035;1541035
501;2021;9;1435936.5;1435936.5
501;2021;10;1422461.5;1422461.5
501;2021;11;1496940.5;1496940.5
501;2021;12;1521841;1521841
502;2022;1;684256.5;684256.5
502;2022;2;425833.5;425833.5
502;2022;3;483716;483716
502;2022;4;475703.5;475703.5
502;2022;5;469173;469173
502;2022;6;459678.5;459678.5
502;2021;7;484566;484566
502;2021;8;703956;703956
502;2021;9;630313.5;630313.5
502;2021;10;631196.5;631196.5
502;2021;11;644465.5;644465.5
502;2021;12;656435.5;656435.5
503;2022;1;716033.5;716033.5
503;2022;2;550957;550957
503;2022;3;629123;629123
503;2022;4;613825;613825
503;2022;5;599550;599550
503;2022;6;593593;593593
503;2021;7;630108.5;630108.5
503;2021;8;749683.5;749683.5
503;2021;9;698959.5;698959.5
503;2021;10;701592.5;701592.5
503;2021;11;735197;735197
503;2021;12;755659;755659
504;2022;1;439711.5;439711.5
504;2022;2;374223.5;374223.5
504;2022;3;428192;428192
504;2022;4;476436.5;476436.5
504;2022;5;426006;426006
504;2022;6;425869.5;425869.5
504;2021;7;592451.5;592451.5
504;2021;8;645279.5;645279.5
504;2021;9;465895.5;465895.5
504;2021;10;547417.5;547417.5
504;2021;11;441778;441778
504;2021;12;413726.5;413726.5
505;2022;1;555337;555337
505;2022;2;409998.5;409998.5
505;2022;3;459383;459383
505;2022;4;446841.5;446841.5
505;2022;5;433171;433171
505;2022;6;424884.5;424884.5
505;2021;7;449848;449848
505;2021;8;586996;586996
505;2021;9;560734.5;560734.5
505;2021;10;552442.5;552442.5
505;2021;11;561790.5;561790.5
505;2021;12;572973;572973
508;2022;1;738141;738141
508;2022;2;473840;473840
508;2022;3;539343.5;539343.5
508;2022;4;525313.5;525313.5
508;2022;5;510256.5;510256.5
508;2022;6;514531;514531
508;2021;7;561624.5;561624.5
508;2021;8;799410.5;799410.5
508;2021;9;696948;696948
508;2021;10;780410.5;780410.5
508;2021;11;747432;747432
508;2021;12;786290;786290
509;2022;1;585671;585671
509;2022;2;378408.5;378408.5
509;2022;3;429875;429875
509;2022;4;430716;430716
509;2022;5;422222;422222
509;2022;6;423606.5;423606.5
509;2021;7;439580.5;439580.5
509;2021;8;611479.5;611479.5
509;2021;9;556669;556669
509;2021;10;589554;589554
509;2021;11;591853.5;591853.5
509;2021;12;610180.5;610180.5
510;2022;1;298080.5;298080.5
510;2022;2;221090.5;221090.5
510;2022;3;254338.5;254338.5
510;2022;4;245013.5;245013.5
510;2022;5;233624.5;233624.5
510;2022;6;230107.5;230107.5
510;2021;7;240729;240729
510;2021;8;291542.5;291542.5
510;2021;9;279237.5;279237.5
510;2021;10;271639;271639
510;2021;11;289913.5;289913.5
510;2021;12;298435;298435
511;2022;1;466920;466920
511;2022;2;463841.5;463841.5
511;2022;3;483495.5;483495.5
511;2022;4;491584;491584
511;2022;5;468433.5;468433.5
511;2022;6;469845.5;469845.5
511;2021;7;497582.5;497582.5
511;2021;8;472732.5;472732.5
511;2021;9;419625;419625
511;2021;10;429506.5;429506.5
511;2021;11;437813.5;437813.5
511;2021;12;449311;449311
513;2022;1;507367;507367
513;2022;2;423494;423494
513;2022;3;480197.5;480197.5
513;2022;4;462691.5;462691.5
513;2022;5;452068.5;452068.5
513;2022;6;448650;448650
513;2021;7;471547.5;471547.5
513;2021;8;517194;517194
513;2021;9;497026;497026
513;2021;10;495988.5;495988.5
513;2021;11;535206;535206
513;2021;12;546083.5;546083.5
514;2022;1;616477.5;616477.5
514;2022;2;456119.5;456119.5
514;2022;3;521781.5;521781.5
514;2022;4;486250;486250
514;2022;5;470346;470346
514;2022;6;476699;476699
514;2021;7;485379;485379
514;2021;8;612659.5;612659.5
514;2021;9;585358.5;585358.5
514;2021;10;578700;578700
514;2021;11;616619;616619
514;2021;12;633990.5;633990.5
515;2022;1;636147.5;636147.5
515;2022;2;463596.5;463596.5
515;2022;3;562156.5;562156.5
515;2022;4;532393.5;532393.5
515;2022;5;523802.5;523802.5
515;2022;6;508883.5;508883.5
515;2021;7;504009.5;504009.5
515;2021;8;644597;644597
515;2021;9;640567;640567
515;2021;10;625688;625688
515;2021;11;647648;647648
515;2021;12;655814.5;655814.5
516;2022;1;821329.5;821329.5
516;2022;2;535137.5;535137.5
516;2022;3;635750.5;635750.5
516;2022;4;599967.5;599967.5
516;2022;5;595241;595241
516;2022;6;579251.5;579251.5
516;2021;7;577477.5;577477.5
516;2021;8;822572.5;822572.5
516;2021;9;760267.5;760267.5
516;2021;10;766412;766412
516;2021;11;838799;838799
516;2021;12;853672;853672
517;2022;1;580774;580774
517;2022;2;445053;445053
517;2022;3;511033.5;511033.5
517;2022;4;495189.5;495189.5
517;2022;5;489044;489044
517;2022;6;482625.5;482625.5
517;2021;7;511380.5;511380.5
517;2021;8;585367;585367
517;2021;9;545873;545873
517;2021;10;535753.5;535753.5
517;2021;11;560221;560221
517;2021;12;565722.5;565722.5
518;2022;1;810724.5;810724.5
518;2022;2;611110;611110
518;2022;3;703565.5;703565.5
518;2022;4;662847.5;662847.5
518;2022;5;664228;664228
518;2022;6;647706;647706
518;2021;7;660355.5;660355.5
518;2021;8;820309.5;820309.5
518;2021;9;772675.5;772675.5
518;2021;10;755997;755997
518;2021;11;820423.5;820423.5
518;2021;12;833151.5;833151.5
519;2022;1;664521;664521
519;2022;2;504891;504891
519;2022;3;570516;570516
519;2022;4;531765;531765
519;2022;5;526728;526728
519;2022;6;519931.5;519931.5
519;2021;7;541168;541168
519;2021;8;687498.5;687498.5
519;2021;9;644891.5;644891.5
519;2021;10;633587;633587
519;2021;11;668881;668881
519;2021;12;682649.5;682649.5
520;2022;1;1004815;1004815
520;2022;2;741421;741421
520;2022;3;834601.5;834601.5
520;2022;4;778253.5;778253.5
520;2022;5;771492.5;771492.5
520;2022;6;755552.5;755552.5
520;2021;7;786313.5;786313.5
520;2021;8;1069484;1069484
520;2021;9;977909;977909
520;2021;10;963447;963447
520;2021;11;1012404.5;1012404.5
520;2021;12;1020689.5;1020689.5
521;2022;1;548489.5;548489.5
521;2022;2;404191.5;404191.5
521;2022;3;460319.5;460319.5
521;2022;4;434175;434175
521;2022;5;431945;431945
521;2022;6;415180;415180
521;2021;7;435273;435273
521;2021;8;590047;590047
521;2021;9;538968;538968
521;2021;10;532453;532453
521;2021;11;574396.5;574396.5
521;2021;12;586429.5;586429.5
522;2022;1;1286134.5;1286134.5
522;2022;2;977308;977308
522;2022;3;1125328;1125328
522;2022;4;1046025.5;1046025.5
522;2022;5;1048177;1048177
522;2022;6;1018483.5;1018483.5
522;2021;7;1069811;1069811
522;2021;8;1364147.5;1364147.5
522;2021;9;1281880.5;1281880.5
522;2021;10;1260726;1260726
522;2021;11;1345503.5;1345503.5
522;2021;12;1370280;1370280
523;2022;1;1296232;1296232
523;2022;2;1139033.5;1139033.5
523;2022;3;1369612;1369612
523;2022;4;1308736.5;1308736.5
523;2022;5;1306080;1306080
523;2022;6;1259296.5;1259296.5
523;2021;7;1336811;1336811
523;2021;8;1478851.5;1478851.5
523;2021;9;1317949;1317949
523;2021;10;1340664;1340664
523;2021;11;1430722.5;1430722.5
523;2021;12;1454993;1454993
601;2022;1;521189;521189
601;2022;2;521189;521189
601;2022;3;623932;623932
601;2022;4;611200;611200
601;2022;5;614763.5;614763.5
601;2022;6;595629.5;595629.5
601;2021;7;605179.5;605179.5
601;2021;8;466338.5;466338.5
601;2021;9;455611.5;455611.5
601;2021;10;449897;449897
601;2021;11;472793.5;472793.5
601;2021;12;483546;483546
602;2022;1;115151.5;115151.5
602;2022;2;115151.5;115151.5
602;2022;3;138169;138169
602;2022;4;136800;136800
602;2022;5;138287.5;138287.5
602;2022;6;155062.5;155062.5
602;2021;7;184022;184022
602;2021;8;184022;184022
602;2021;9;184022;184022
602;2021;10;184022;184022
602;2021;11;184022;184022
602;2021;12;184022;184022
603;2022;1;437573.5;437573.5
603;2022;2;437573.5;437573.5
603;2022;3;519498;519498
603;2022;4;493432.5;493432.5
603;2022;5;500896;500896
603;2022;6;502674;502674
603;2021;7;491192.5;491192.5
603;2021;8;395372;395372
603;2021;9;387733;387733
603;2021;10;382027.5;382027.5
603;2021;11;407954;407954
603;2021;12;418808.5;418808.5
604;2022;1;238775;238775
604;2022;2;238775;238775
604;2022;3;318543.5;318543.5
604;2022;4;319994;319994
604;2022;5;318647;318647
604;2022;6;305460;305460
604;2021;7;297697.5;297697.5
604;2021;8;259211;259211
604;2021;9;279263.5;279263.5
604;2021;10;285909.5;285909.5
604;2021;11;301437;301437
604;2021;12;297832.5;297832.5
605;2022;1;110035;110035
605;2022;2;110035;110035
605;2022;3;134639.5;134639.5
605;2022;4;127967;127967
605;2022;5;130214.5;130214.5
605;2022;6;129312.5;129312.5
605;2021;7;133360;133360
605;2021;8;147955.5;147955.5
605;2021;9;140852;140852
605;2021;10;141756.5;141756.5
605;2021;11;151812.5;151812.5
605;2021;12;156640;156640
606;2022;1;359155.5;359155.5
606;2022;2;359155.5;359155.5
606;2022;3;425373;425373
606;2022;4;406780.5;406780.5
606;2022;5;408112.5;408112.5
606;2022;6;395425.5;395425.5
606;2021;7;412958;412958
606;2021;8;369997;369997
606;2021;9;360043;360043
606;2021;10;358098.5;358098.5
606;2021;11;382046.5;382046.5
606;2021;12;392852.5;392852.5
607;2022;1;726969;726969
607;2022;2;488891.5;488891.5
607;2022;3;574384.5;574384.5
607;2022;4;533311;533311
607;2022;5;526008.5;526008.5
607;2022;6;509204;509204
607;2021;7;515187.5;515187.5
607;2021;8;687632.5;687632.5
607;2021;9;657115;657115
607;2021;10;641728.5;641728.5
607;2021;11;684724;684724
607;2021;12;694404;694404
608;2022;1;324897.5;324897.5
608;2022;2;286394.5;286394.5
608;2022;3;340561;340561
608;2022;4;321624;321624
608;2022;5;318383;318383
608;2022;6;312027;312027
608;2021;7;316012.5;316012.5
608;2021;8;346218.5;346218.5
608;2021;9;337000.5;337000.5
608;2021;10;330845.5;330845.5
608;2021;11;352723;352723
608;2021;12;366005.5;366005.5
609;2022;1;510067.5;510067.5
609;2022;2;383515.5;383515.5
609;2022;3;498577;498577
609;2022;4;474013.5;474013.5
609;2022;5;454198.5;454198.5
609;2022;6;447170.5;447170.5
609;2021;7;421891;421891
609;2021;8;506756;506756
609;2021;9;530870;530870
609;2021;10;525307;525307
609;2021;11;574384.5;574384.5
609;2021;12;586616.5;586616.5
610;2022;1;692278.5;692278.5
610;2022;2;531444.5;531444.5
610;2022;3;590144;590144
610;2022;4;506576.5;506576.5
610;2022;5;503745;503745
610;2022;6;495507;495507
610;2021;7;504875.5;504875.5
610;2021;8;704385;704385
610;2021;9;665959;665959
610;2021;10;642306.5;642306.5
610;2021;11;686974;686974
610;2021;12;712264;712264
611;2022;1;416959.5;416959.5
611;2022;2;352693;352693
611;2022;3;408766;408766
611;2022;4;363521;363521
611;2022;5;355429;355429
611;2022;6;350096;350096
611;2021;7;353295.5;353295.5
611;2021;8;434312.5;434312.5
611;2021;9;422706;422706
611;2021;10;425087.5;425087.5
611;2021;11;453218;453218
611;2021;12;471826;471826
613;2022;1;551269.5;551269.5
613;2022;2;487636.5;487636.5
613;2022;3;581804.5;581804.5
613;2022;4;588943.5;588943.5
613;2022;5;560361.5;560361.5
613;2022;6;540693.5;540693.5
613;2021;7;560761.5;560761.5
613;2021;8;585734.5;585734.5
613;2021;9;541817.5;541817.5
613;2021;10;555522.5;555522.5
613;2021;11;566420.5;566420.5
613;2021;12;584699;584699
614;2022;1;363431;363431
614;2022;2;400286;400286
614;2022;3;503317.5;503317.5
614;2022;4;669402;669402
614;2022;5;626761;626761
614;2022;6;570850;570850
614;2021;7;728311;728311
614;2021;8;694610;694610
614;2021;9;447916.5;447916.5
614;2021;10;527778;527778
614;2021;11;392565;392565
614;2021;12;364056;364056
615;2022;1;697465;697465
615;2022;2;739576;739576
615;2022;3;773397;773397
615;2022;4;894897.5;894897.5
615;2022;5;802315;802315
615;2022;6;729346.5;729346.5
615;2021;7;954541.5;954541.5
615;2021;8;1068518;1068518
615;2021;9;700039;700039
615;2021;10;811793.5;811793.5
615;2021;11;649975;649975
615;2021;12;630521;630521
618;2022;1;1186835;1186835
618;2022;2;757382.5;757382.5
618;2022;3;863086.5;863086.5
618;2022;4;827179.5;827179.5
618;2022;5;814985;814985
618;2022;6;823281.5;823281.5
618;2021;7;874659.5;874659.5
618;2021;8;1215949.5;1215949.5
618;2021;9;1083348;1083348
618;2021;10;1072003.5;1072003.5
618;2021;11;1118434.5;1118434.5
618;2021;12;1185683;1185683
619;2022;1;878593;878593
619;2022;2;713558.5;713558.5
619;2022;3;810294;810294
619;2022;4;753087.5;753087.5
619;2022;5;748337;748337
619;2022;6;741361;741361
619;2021;7;768812;768812
619;2021;8;875188;875188
619;2021;9;821216;821216
619;2021;10;793799.5;793799.5
619;2021;11;848030.5;848030.5
619;2021;12;874355.5;874355.5
620;2022;1;731336;731336
620;2022;2;546998;546998
620;2022;3;635005.5;635005.5
620;2022;4;610308.5;610308.5
620;2022;5;601652.5;601652.5
620;2022;6;590552;590552
620;2021;7;595029;595029
620;2021;8;723096.5;723096.5
620;2021;9;716256.5;716256.5
620;2021;10;686003.5;686003.5
620;2021;11;731134;731134
620;2021;12;755667;755667
621;2022;1;784707;784707
621;2022;2;612501.5;612501.5
621;2022;3;698018.5;698018.5
621;2022;4;655855.5;655855.5
621;2022;5;644745.5;644745.5
621;2022;6;633524.5;633524.5
621;2021;7;659801.5;659801.5
621;2021;8;815271.5;815271.5
621;2021;9;762567;762567
621;2021;10;750678.5;750678.5
621;2021;11;784799.5;784799.5
621;2021;12;803828;803828
622;2022;1;1444013;1444013
622;2022;2;1091723;1091723
622;2022;3;1193154;1193154
622;2022;4;1165679;1165679
622;2022;5;1139660.5;1139660.5
622;2022;6;1121284;1121284
622;2021;7;1204359;1204359
622;2021;8;1490581;1490581
622;2021;9;1399434.5;1399434.5
622;2021;10;1355625.5;1355625.5
622;2021;11;1396337;1396337
622;2021;12;1448991;1448991
623;2022;1;555687.5;555687.5
623;2022;2;437768.5;437768.5
623;2022;3;507033.5;507033.5
623;2022;4;477405.5;477405.5
623;2022;5;474209;474209
623;2022;6;467660;467660
623;2021;7;480604;480604
623;2021;8;589527;589527
623;2021;9;569742;569742
623;2021;10;559288.5;559288.5
623;2021;11;584649;584649
623;2021;12;592824;592824
624;2022;1;569063;569063
624;2022;2;386180.5;386180.5
624;2022;3;449449;449449
624;2022;4;427634;427634
624;2022;5;420816;420816
624;2022;6;406635;406635
624;2021;7;419735.5;419735.5
624;2021;8;573550.5;573550.5
624;2021;9;545913.5;545913.5
624;2021;10;527223;527223
624;2021;11;554528;554528
624;2021;12;563432;563432
625;2022;1;1049847;1049847
625;2022;2;796092.5;796092.5
625;2022;3;902091;902091
625;2022;4;869663.5;869663.5
625;2022;5;869171;869171
625;2022;6;858603;858603
625;2021;7;902274.5;902274.5
625;2021;8;1124471;1124471
625;2021;9;1060125.5;1060125.5
625;2021;10;1034005;1034005
625;2021;11;1081176.5;1081176.5
625;2021;12;1119056.5;1119056.5
626;2022;1;825735.5;825735.5
626;2022;2;590868;590868
626;2022;3;700518.5;700518.5
626;2022;4;662669;662669
626;2022;5;663537;663537
626;2022;6;643680.5;643680.5
626;2021;7;680514.5;680514.5
626;2021;8;897186;897186
626;2021;9;833328;833328
626;2021;10;822497.5;822497.5
626;2021;11;853985.5;853985.5
626;2021;12;871952;871952
627;2022;1;830481.5;830481.5
627;2022;2;602711;602711
627;2022;3;730528.5;730528.5
627;2022;4;687748.5;687748.5
627;2022;5;684995;684995
627;2022;6;666567.5;666567.5
627;2021;7;673032;673032
627;2021;8;892711;892711
627;2021;9;855665.5;855665.5
627;2021;10;838440.5;838440.5
627;2021;11;874048.5;874048.5
627;2021;12;881134;881134
628;2022;1;577754;577754
628;2022;2;564466.5;564466.5
628;2022;3;671783;671783
628;2022;4;643786;643786
628;2022;5;649377.5;649377.5
628;2022;6;639458;639458
628;2021;7;657493.5;657493.5
628;2021;8;691325.5;691325.5
628;2021;9;655741;655741
628;2021;10;638070;638070
628;2021;11;662488.5;662488.5
628;2021;12;669426;669426
629;2022;1;379258;379258
629;2022;2;379258;379258
629;2022;3;439717;439717
629;2022;4;416301;416301
629;2022;5;415616;415616
629;2022;6;412416.5;412416.5
629;2021;7;428551.5;428551.5
629;2021;8;428551.5;428551.5
629;2021;9;428551.5;428551.5
629;2021;10;428551.5;428551.5
629;2021;11;428551.5;428551.5
629;2021;12;428551.5;428551.5
630;2022;1;588362;588362
630;2022;2;64368;64368
630;2022;3;75610.5;75610.5
630;2022;4;72273;72273
630;2022;5;73276;73276
630;2022;6;71882;71882
630;2021;7;72569.5;72569.5
630;2021;8;623281;623281
630;2021;9;588504;588504
630;2021;10;586145.5;586145.5
630;2021;11;607847;607847
630;2021;12;609676;609676
631;2022;1;87218.5;87218.5
631;2022;2;89570;89570
631;2022;3;106291;106291
631;2022;4;102383.5;102383.5
631;2022;5;103246.5;103246.5
631;2022;6;99566.5;99566.5
631;2021;7;102155.5;102155.5
631;2021;8;95636.5;95636.5
631;2021;9;89225;89225
631;2021;10;86118;86118
631;2021;11;95086;95086
631;2021;12;102633;102633
632;2022;1;191013;191013
632;2022;2;179535;179535
632;2022;3;220485;220485
632;2022;4;216591.5;216591.5
632;2022;5;222105.5;222105.5
632;2022;6;213527.5;213527.5
632;2021;7;216468.5;216468.5
632;2021;8;215739.5;215739.5
632;2021;9;204054;204054
632;2021;10;203405.5;203405.5
632;2021;11;207694;207694
632;2021;12;205911.5;205911.5
633;2022;1;390947.5;390947.5
633;2022;2;341082;341082
633;2022;3;412788.5;412788.5
633;2022;4;413256.5;413256.5
633;2022;5;423715;423715
633;2022;6;417446.5;417446.5
633;2021;7;449119.5;449119.5
633;2021;8;495456;495456
633;2021;9;453601.5;453601.5
633;2021;10;446222.5;446222.5
633;2021;11;443541;443541
633;2021;12;445529.5;445529.5
703;2022;1;138152;138152
703;2022;2;138152;138152
703;2022;3;141184.5;141184.5
703;2022;4;134467.5;134467.5
703;2022;5;137646;137646
703;2022;6;140477.5;140477.5
703;2021;7;150544.5;150544.5
703;2021;8;150544.5;150544.5
703;2021;9;150544.5;150544.5
703;2021;10;150544.5;150544.5
703;2021;11;150544.5;150544.5
703;2021;12;150544.5;150544.5
704;2022;1;33520;33520
704;2022;2;33520;33520
704;2022;3;35363.5;35363.5
704;2022;4;37243.5;37243.5
704;2022;5;36671;36671
704;2022;6;38092.5;38092.5
704;2021;7;39373.5;39373.5
704;2021;8;39373.5;39373.5
704;2021;9;39373.5;39373.5
704;2021;10;39373.5;39373.5
704;2021;11;39373.5;39373.5
704;2021;12;39373.5;39373.5
705;2022;1;149974.5;149974.5
705;2022;2;149974.5;149974.5
705;2022;3;182698;182698
705;2022;4;184544.5;184544.5
705;2022;5;187434.5;187434.5
705;2022;6;190088;190088
705;2021;7;206107.5;206107.5
705;2021;8;206107.5;206107.5
705;2021;9;206107.5;206107.5
705;2021;10;206107.5;206107.5
705;2021;11;206107.5;206107.5
705;2021;12;206107.5;206107.5
706;2022;1;88997.5;88997.5
706;2022;2;88997.5;88997.5
706;2022;3;109224.5;109224.5
706;2022;4;106478;106478
706;2022;5;108537.5;108537.5
706;2022;6;106386.5;106386.5
706;2021;7;113803.5;113803.5
706;2021;8;113803.5;113803.5
706;2021;9;113803.5;113803.5
706;2021;10;113803.5;113803.5
706;2021;11;113803.5;113803.5
706;2021;12;113803.5;113803.5
707;2022;1;79998.5;79998.5
707;2022;2;79998.5;79998.5
707;2022;3;100709.5;100709.5
707;2022;4;100413;100413
707;2022;5;99238.5;99238.5
707;2022;6;92651.5;92651.5
707;2021;7;101912;101912
707;2021;8;101912;101912
707;2021;9;101912;101912
707;2021;10;101912;101912
707;2021;11;101912;101912
707;2021;12;101912;101912
708;2022;1;139503;139503
708;2022;2;139503;139503
708;2022;3;170897;170897
708;2022;4;167678;167678
708;2022;5;166621;166621
708;2022;6;159753;159753
708;2021;7;171670;171670
708;2021;8;171670;171670
708;2021;9;171670;171670
708;2021;10;171670;171670
708;2021;11;171670;171670
708;2021;12;171670;171670
709;2022;1;180347;180347
709;2022;2;180347;180347
709;2022;3;215848;215848
709;2022;4;207211.5;207211.5
709;2022;5;206225;206225
709;2022;6;212004;212004
709;2021;7;235810.5;235810.5
709;2021;8;235810.5;235810.5
709;2021;9;235810.5;235810.5
709;2021;10;235810.5;235810.5
709;2021;11;235810.5;235810.5
709;2021;12;235810.5;235810.5
710;2022;1;116615;116615
710;2022;2;29880.5;29880.5
710;2022;3;35267;35267
710;2022;4;34466;34466
710;2022;5;34211;34211
710;2022;6;26697.5;26697.5
710;2021;7;28188;28188
710;2021;8;143252;143252
710;2021;9;129075.5;129075.5
710;2021;10;130898.5;130898.5
710;2021;11;134632;134632
710;2021;12;133787;133787
711;2022;1;294218;294218
711;2022;2;224097.5;224097.5
711;2022;3;276115;276115
711;2022;4;263331;263331
711;2022;5;267610;267610
711;2022;6;259595;259595
711;2021;7;260897.5;260897.5
711;2021;8;285802;285802
711;2021;9;272832.5;272832.5
711;2021;10;263226;263226
711;2021;11;280235;280235
711;2021;12;288153;288153
712;2022;1;13156.5;13156.5
712;2022;2;282431;282431
712;2022;3;326677.5;326677.5
712;2022;4;312274.5;312274.5
712;2022;5;309573;309573
712;2022;6;299339;299339
712;2021;7;325677.5;325677.5
712;2021;8;307754;307754
712;2021;9;283458;283458
712;2021;10;284771.5;284771.5
712;2021;11;303854;303854
712;2021;12;280844;280844
713;2022;1;274111;274111
713;2022;2;213037;213037
713;2022;3;227694.5;227694.5
713;2022;4;263221;263221
713;2022;5;260265.5;260265.5
713;2022;6;268168;268168
713;2021;7;302775.5;302775.5
713;2021;8;406510;406510
713;2021;9;335045;335045
713;2021;10;340220;340220
713;2021;11;295444;295444
713;2021;12;272327.5;272327.5
714;2022;1;247085.5;247085.5
714;2022;2;171851;171851
714;2022;3;205045;205045
714;2022;4;206156;206156
714;2022;5;201003;201003
714;2022;6;189578;189578
714;2021;7;202657.5;202657.5
714;2021;8;275549.5;275549.5
714;2021;9;248302.5;248302.5
714;2021;10;253306;253306
714;2021;11;259382;259382
714;2021;12;261482.5;261482.5
715;2022;1;70609.5;70609.5
715;2022;2;105025.5;105025.5
715;2022;3;122176;122176
715;2022;4;115703.5;115703.5
715;2022;5;115360;115360
715;2022;6;110896;110896
715;2021;7;113262.5;113262.5
715;2021;8;96658;96658
715;2021;9;90964;90964
715;2021;10;92662;92662
715;2021;11;100420;100420
715;2021;12;102958.5;102958.5
716;2022;1;558676;558676
716;2022;2;511098;511098
716;2022;3;590978.5;590978.5
716;2022;4;555841;555841
716;2022;5;553535.5;553535.5
716;2022;6;546662.5;546662.5
716;2021;7;580559.5;580559.5
716;2021;8;606122;606122
716;2021;9;559629;559629
716;2021;10;550827.5;550827.5
716;2021;11;587195.5;587195.5
716;2021;12;610105.5;610105.5
717;2022;1;295993;295993
717;2022;2;271353.5;271353.5
717;2022;3;305215.5;305215.5
717;2022;4;291360;291360
717;2022;5;289193.5;289193.5
717;2022;6;285576;285576
717;2021;7;303183.5;303183.5
717;2021;8;334248.5;334248.5
717;2021;9;305120.5;305120.5
717;2021;10;304944;304944
717;2021;11;313844;313844
717;2021;12;322245.5;322245.5
718;2022;1;865899.5;865899.5
718;2022;2;818180;818180
718;2022;3;849861;849861
718;2022;4;831697.5;831697.5
718;2022;5;802819;802819
718;2022;6;819692.5;819692.5
718;2021;7;921483.5;921483.5
718;2021;8;968863.5;968863.5
718;2021;9;888245;888245
718;2021;10;844984;844984
718;2021;11;895364;895364
718;2021;12;945432.5;945432.5
719;2022;1;1092439;1092439
719;2022;2;893290.5;893290.5
719;2022;3;1010324;1010324
719;2022;4;972256.5;972256.5
719;2022;5;933303;933303
719;2022;6;937841;937841
719;2021;7;1024798.5;1024798.5
719;2021;8;1059668;1059668
719;2021;9;961496;961496
719;2021;10;941555;941555
719;2021;11;990514.5;990514.5
719;2021;12;987745.5;987745.5
720;2022;1;384720;384720
720;2022;2;301380.5;301380.5
720;2022;3;343717;343717
720;2022;4;326028.5;326028.5
720;2022;5;319091;319091
720;2022;6;318350;318350
720;2021;7;341166.5;341166.5
720;2021;8;406718.5;406718.5
720;2021;9;381953;381953
720;2021;10;375143;375143
720;2021;11;384532;384532
720;2021;12;397490.5;397490.5
721;2022;1;495830.5;495830.5
721;2022;2;390905;390905
721;2022;3;454734.5;454734.5
721;2022;4;433201.5;433201.5
721;2022;5;426161;426161
721;2022;6;420129;420129
721;2021;7;439808;439808
721;2021;8;507520.5;507520.5
721;2021;9;482458.5;482458.5
721;2021;10;476455.5;476455.5
721;2021;11;513631;513631
721;2021;12;534724.5;534724.5
723;2022;1;221021;221021
723;2022;2;176044.5;176044.5
723;2022;3;200919.5;200919.5
723;2022;4;203007;203007
723;2022;5;192250;192250
723;2022;6;193109;193109
723;2021;7;210495;210495
723;2021;8;230919;230919
723;2021;9;205618;205618
723;2021;10;218652;218652
723;2021;11;216177.5;216177.5
723;2021;12;219938.5;219938.5
724;2022;1;308337.5;308337.5
724;2022;2;407972;407972
724;2022;3;386577.5;386577.5
724;2022;4;502133;502133
724;2022;5;476369;476369
724;2022;6;440394.5;440394.5
724;2021;7;539004;539004
724;2021;8;399523.5;399523.5
724;2021;9;305970;305970
724;2021;10;422740;422740
724;2021;11;299299.5;299299.5
724;2021;12;296510;296510
725;2022;1;254852.5;254852.5
725;2022;2;231793;231793
725;2022;3;265082.5;265082.5
725;2022;4;261072.5;261072.5
725;2022;5;252749;252749
725;2022;6;253680;253680
725;2021;7;263907.5;263907.5
725;2021;8;289495;289495
725;2021;9;266417;266417
725;2021;10;276232;276232
725;2021;11;280307;280307
725;2021;12;292356.5;292356.5
726;2022;1;449025;449025
726;2022;2;333923;333923
726;2022;3;384743.5;384743.5
726;2022;4;395095.5;395095.5
726;2022;5;371957.5;371957.5
726;2022;6;360543;360543
726;2021;7;385885;385885
726;2021;8;497259;497259
726;2021;9;468043;468043
726;2021;10;457337;457337
726;2021;11;471422;471422
726;2021;12;485788.5;485788.5
727;2022;1;728816;728816
727;2022;2;573008.5;573008.5
727;2022;3;651304.5;651304.5
727;2022;4;625021.5;625021.5
727;2022;5;607108.5;607108.5
727;2022;6;589993.5;589993.5
727;2021;7;646922;646922
727;2021;8;738114.5;738114.5
727;2021;9;685083;685083
727;2021;10;684597.5;684597.5
727;2021;11;721434;721434
727;2021;12;766623;766623
728;2022;1;596915.5;596915.5
728;2022;2;507173.5;507173.5
728;2022;3;587132.5;587132.5
728;2022;4;570203;570203
728;2022;5;554164.5;554164.5
728;2022;6;548789.5;548789.5
728;2021;7;571932.5;571932.5
728;2021;8;611574;611574
728;2021;9;569336;569336
728;2021;10;559782.5;559782.5
728;2021;11;598091;598091
728;2021;12;624216.5;624216.5
729;2022;1;453663;453663
729;2022;2;329607;329607
729;2022;3;377027.5;377027.5
729;2022;4;356778;356778
729;2022;5;345834;345834
729;2022;6;348150.5;348150.5
729;2021;7;365243.5;365243.5
729;2021;8;485239;485239
729;2021;9;445389;445389
729;2021;10;440092.5;440092.5
729;2021;11;460739;460739
729;2021;12;477481.5;477481.5
730;2022;1;2998632;2998632
730;2022;2;2066495;2066495
730;2022;3;2186745;2186745
730;2022;4;2507893;2507893
730;2022;5;2437354.5;2437354.5
730;2022;6;2450820;2450820
730;2021;7;3001392.5;3001392.5
730;2021;8;3860450;3860450
730;2021;9;3003334;3003334
730;2021;10;3133133;3133133
730;2021;11;2643555;2643555
730;2021;12;2628198.5;2628198.5
801;2022;1;0;0
801;2022;2;0;0
801;2022;3;0;0
801;2022;4;0;0
801;2022;5;0;0
801;2022;6;0;0
801;2021;7;0;0
801;2021;8;0;0
801;2021;9;0;0
801;2021;10;0;0
801;2021;11;0;0
801;2021;12;0;0
802;2022;1;208462.5;208462.5
802;2022;2;147023;147023
802;2022;3;182654.5;182654.5
802;2022;4;177049;177049
802;2022;5;171952;171952
802;2022;6;168117;168117
802;2021;7;169067.5;169067.5
802;2021;8;211679;211679
802;2021;9;202660;202660
802;2021;10;195832;195832
802;2021;11;202090.5;202090.5
802;2021;12;205985;205985
803;2022;1;391682;391682
803;2022;2;315481.5;315481.5
803;2022;3;357881.5;357881.5
803;2022;4;332877;332877
803;2022;5;331316.5;331316.5
803;2022;6;323112.5;323112.5
803;2021;7;339980.5;339980.5
803;2021;8;420961;420961
803;2021;9;395724;395724
803;2021;10;386611.5;386611.5
803;2021;11;414645;414645
803;2021;12;422842.5;422842.5
804;2022;1;754389;754389
804;2022;2;580042;580042
804;2022;3;661698.5;661698.5
804;2022;4;617268.5;617268.5
804;2022;5;618993.5;618993.5
804;2022;6;612129;612129
804;2021;7;649279;649279
804;2021;8;779108;779108
804;2021;9;719592;719592
804;2021;10;708792.5;708792.5
804;2021;11;759945;759945
804;2021;12;794888;794888
805;2022;1;1094847.5;1094847.5
805;2022;2;661770;661770
805;2022;3;762612;762612
805;2022;4;721963;721963
805;2022;5;704506;704506
805;2022;6;687864;687864
805;2021;7;725031.5;725031.5
805;2021;8;1246568;1246568
805;2021;9;1090724;1090724
805;2021;10;1083305.5;1083305.5
805;2021;11;1089834;1089834
805;2021;12;1098492.5;1098492.5
806;2022;1;571466.5;571466.5
806;2022;2;467423;467423
806;2022;3;542146.5;542146.5
806;2022;4;517813;517813
806;2022;5;513451.5;513451.5
806;2022;6;497337;497337
806;2021;7;515155.5;515155.5
806;2021;8;594861.5;594861.5
806;2021;9;567444;567444
806;2021;10;559550.5;559550.5
806;2021;11;588172;588172
806;2021;12;606395.5;606395.5
807;2022;1;362143;362143
807;2022;2;290735.5;290735.5
807;2022;3;330409;330409
807;2022;4;302955;302955
807;2022;5;292619.5;292619.5
807;2022;6;287892;287892
807;2021;7;297755.5;297755.5
807;2021;8;405609.5;405609.5
807;2021;9;387344;387344
807;2021;10;373619.5;373619.5
807;2021;11;411612;411612
807;2021;12;427520.5;427520.5
808;2022;1;554044;554044
808;2022;2;361211;361211
808;2022;3;411046.5;411046.5
808;2022;4;392892.5;392892.5
808;2022;5;383151;383151
808;2022;6;369780.5;369780.5
808;2021;7;364643;364643
808;2021;8;546035.5;546035.5
808;2021;9;526168.5;526168.5
808;2021;10;519593;519593
808;2021;11;547651.5;547651.5
808;2021;12;556804;556804
809;2022;1;235020.5;235020.5
809;2022;2;176169.5;176169.5
809;2022;3;223709.5;223709.5
809;2022;4;203194;203194
809;2022;5;196685;196685
809;2022;6;193557.5;193557.5
809;2021;7;237829.5;237829.5
809;2021;8;242829.5;242829.5
809;2021;9;240770;240770
809;2021;10;257311.5;257311.5
809;2021;11;235804.5;235804.5
809;2021;12;232786.5;232786.5
810;2022;1;115448;115448
810;2022;2;169843.5;169843.5
810;2022;3;245589.5;245589.5
810;2022;4;289442;289442
810;2022;5;252855.5;252855.5
810;2022;6;204825.5;204825.5
810;2021;7;197285.5;197285.5
810;2021;8;281569;281569
810;2021;9;196503.5;196503.5
810;2021;10;274553;274553
810;2021;11;218896.5;218896.5
810;2021;12;111379.5;111379.5
811;2022;1;610316.5;610316.5
811;2022;2;497649;497649
811;2022;3;556923.5;556923.5
811;2022;4;662885.5;662885.5
811;2022;5;713919.5;713919.5
811;2022;6;765020;765020
811;2021;7;854230.5;854230.5
811;2021;8;1073833.5;1073833.5
811;2021;9;651274;651274
811;2021;10;993003.5;993003.5
811;2021;11;707304;707304
811;2021;12;655741.5;655741.5
812;2022;1;231224.5;231224.5
812;2022;2;230633.5;230633.5
812;2022;3;247237.5;247237.5
812;2022;4;398307.5;398307.5
812;2022;5;337039;337039
812;2022;6;348980.5;348980.5
812;2021;7;608445.5;608445.5
812;2021;8;610781.5;610781.5
812;2021;9;268824;268824
812;2021;10;340038.5;340038.5
812;2021;11;298345.5;298345.5
812;2021;12;226445;226445
813;2022;1;313258;313258
813;2022;2;241493;241493
813;2022;3;283253.5;283253.5
813;2022;4;321318.5;321318.5
813;2022;5;301231.5;301231.5
813;2022;6;292649;292649
813;2021;7;341461.5;341461.5
813;2021;8;385650.5;385650.5
813;2021;9;314174;314174
813;2021;10;359540;359540
813;2021;11;322821.5;322821.5
813;2021;12;318918;318918
814;2022;1;414580.5;414580.5
814;2022;2;381028;381028
814;2022;3;435136;435136
814;2022;4;410672.5;410672.5
814;2022;5;402424.5;402424.5
814;2022;6;402895;402895
814;2021;7;434268;434268
814;2021;8;446121;446121
814;2021;9;408943.5;408943.5
814;2021;10;401337;401337
814;2021;11;426387.5;426387.5
814;2021;12;431950.5;431950.5
815;2022;1;177213;177213
815;2022;2;183546.5;183546.5
815;2022;3;215263.5;215263.5
815;2022;4;205392.5;205392.5
815;2022;5;203169;203169
815;2022;6;201556;201556
815;2021;7;211370.5;211370.5
815;2021;8;184981;184981
815;2021;9;175589.5;175589.5
815;2021;10;175461;175461
815;2021;11;186492.5;186492.5
815;2021;12;187598;187598
817;2022;1;289887.5;289887.5
817;2022;2;518111;518111
817;2022;3;509494.5;509494.5
817;2022;4;681163;681163
817;2022;5;442464;442464
817;2022;6;517866.5;517866.5
817;2021;7;710366;710366
817;2021;8;483680.5;483680.5
817;2021;9;287106.5;287106.5
817;2021;10;372250;372250
817;2021;11;248514.5;248514.5
817;2021;12;237959.5;237959.5
819;2022;1;157545;157545
819;2022;2;284890;284890
819;2022;3;291858.5;291858.5
819;2022;4;328533.5;328533.5
819;2022;5;299557;299557
819;2022;6;339686.5;339686.5
819;2021;7;398858.5;398858.5
819;2021;8;342318;342318
819;2021;9;227275;227275
819;2021;10;328078.5;328078.5
819;2021;11;244783;244783
819;2021;12;14885;14885
820;2022;1;563492;563492
820;2022;2;563492;563492
820;2022;3;537698.5;537698.5
820;2022;4;623100.5;623100.5
820;2022;5;580432.5;580432.5
820;2022;6;630734;630734
820;2021;7;812703;812703
820;2021;8;812703;812703
820;2021;9;812703;812703
820;2021;10;812703;812703
820;2021;11;812703;812703
820;2021;12;812703;812703
824;2022;1;380281.5;380281.5
824;2022;2;380281.5;380281.5
824;2022;3;400007;400007
824;2022;4;456117.5;456117.5
824;2022;5;397881;397881
824;2022;6;405393;405393
824;2021;7;557605;557605
824;2021;8;557605;557605
824;2021;9;557605;557605
824;2021;10;557605;557605
824;2021;11;557605;557605
824;2021;12;557605;557605
825;2022;1;316149;316149
825;2022;2;316149;316149
825;2022;3;369996;369996
825;2022;4;382617.5;382617.5
825;2022;5;369284.5;369284.5
825;2022;6;355794.5;355794.5
825;2021;7;387021;387021
825;2021;8;387021;387021
825;2021;9;387021;387021
825;2021;10;387021;387021
825;2021;11;387021;387021
825;2021;12;387021;387021
826;2022;1;264057;264057
826;2022;2;264057;264057
826;2022;3;311279;311279
826;2022;4;339344.5;339344.5
826;2022;5;324470;324470
826;2022;6;304206.5;304206.5
826;2021;7;347832;347832
826;2021;8;347832;347832
826;2021;9;347832;347832
826;2021;10;347832;347832
826;2021;11;347832;347832
826;2021;12;347832;347832
827;2022;1;178732;178732
827;2022;2;178732;178732
827;2022;3;210090.5;210090.5
827;2022;4;210478.5;210478.5
827;2022;5;207163;207163
827;2022;6;210961.5;210961.5
827;2021;7;234768.5;234768.5
827;2021;8;234768.5;234768.5
827;2021;9;234768.5;234768.5
827;2021;10;234768.5;234768.5
827;2021;11;234768.5;234768.5
827;2021;12;234768.5;234768.5
828;2022;1;118344.5;118344.5
828;2022;2;118344.5;118344.5
828;2022;3;134123;134123
828;2022;4;130136.5;130136.5
828;2022;5;127860;127860
828;2022;6;124197.5;124197.5
828;2021;7;140339;140339
828;2021;8;140339;140339
828;2021;9;140339;140339
828;2021;10;140339;140339
828;2021;11;140339;140339
828;2021;12;140339;140339
829;2022;1;211837;211837
829;2022;2;211837;211837
829;2022;3;243623;243623
829;2022;4;232970.5;232970.5
829;2022;5;233099.5;233099.5
829;2022;6;231700;231700
829;2021;7;249016.5;249016.5
829;2021;8;249016.5;249016.5
829;2021;9;249016.5;249016.5
829;2021;10;249016.5;249016.5
829;2021;11;249016.5;249016.5
829;2021;12;249016.5;249016.5
830;2022;1;100207;100207
830;2022;2;100207;100207
830;2022;3;116843.5;116843.5
830;2022;4;111139;111139
830;2022;5;111412.5;111412.5
830;2022;6;109230.5;109230.5
830;2021;7;118491.5;118491.5
830;2021;8;118491.5;118491.5
830;2021;9;118491.5;118491.5
830;2021;10;118491.5;118491.5
830;2021;11;118491.5;118491.5
830;2021;12;118491.5;118491.5
831;2022;1;134270;134270
831;2022;2;134270;134270
831;2022;3;159978.5;159978.5
831;2022;4;153397.5;153397.5
831;2022;5;152514;152514
831;2022;6;149615;149615
831;2021;7;160937.5;160937.5
831;2021;8;160937.5;160937.5
831;2021;9;160937.5;160937.5
831;2021;10;160937.5;160937.5
831;2021;11;160937.5;160937.5
831;2021;12;160937.5;160937.5
832;2022;1;124675;124675
832;2022;2;124675;124675
832;2022;3;144399;144399
832;2022;4;141246.5;141246.5
832;2022;5;140002;140002
832;2022;6;136237;136237
832;2021;7;150437.5;150437.5
832;2021;8;150437.5;150437.5
832;2021;9;150437.5;150437.5
832;2021;10;150437.5;150437.5
832;2021;11;150437.5;150437.5
832;2021;12;150437.5;150437.5
833;2022;1;113693;113693
833;2022;2;113693;113693
833;2022;3;137445.5;137445.5
833;2022;4;135528.5;135528.5
833;2022;5;134534.5;134534.5
833;2022;6;130356;130356
833;2021;7;140314.5;140314.5
833;2021;8;140314.5;140314.5
833;2021;9;140314.5;140314.5
833;2021;10;140314.5;140314.5
833;2021;11;140314.5;140314.5
833;2021;12;140314.5;140314.5
834;2022;1;335790.5;335790.5
834;2022;2;335790.5;335790.5
834;2022;3;408129.5;408129.5
834;2022;4;422003;422003
834;2022;5;437057;437057
834;2022;6;432874;432874
834;2021;7;479881;479881
834;2021;8;479881;479881
834;2021;9;479881;479881
834;2021;10;479881;479881
834;2021;11;479881;479881
834;2021;12;479881;479881
902;2022;1;410488;410488
902;2022;2;279312.5;279312.5
902;2022;3;375287;375287
902;2022;4;346668;346668
902;2022;5;330933;330933
902;2022;6;320150.5;320150.5
902;2021;7;294057.5;294057.5
902;2021;8;396401.5;396401.5
902;2021;9;429723.5;429723.5
902;2021;10;418970;418970
902;2021;11;460894.5;460894.5
902;2021;12;469027.5;469027.5
905;2022;1;773137;773137
905;2022;2;509989;509989
905;2022;3;592973;592973
905;2022;4;579744.5;579744.5
905;2022;5;563233;563233
905;2022;6;557426;557426
905;2021;7;598001.5;598001.5
905;2021;8;891036;891036
905;2021;9;790167;790167
905;2021;10;801486;801486
905;2021;11;782945;782945
905;2021;12;791354;791354
906;2022;1;642792;642792
906;2022;2;504750;504750
906;2022;3;584908;584908
906;2022;4;610297;610297
906;2022;5;604442;604442
906;2022;6;598980.5;598980.5
906;2021;7;640023;640023
906;2021;8;743574;743574
906;2021;9;684958.5;684958.5
906;2021;10;671526;671526
906;2021;11;624969.5;624969.5
906;2021;12;625120;625120
907;2022;1;469075;469075
907;2022;2;424885;424885
907;2022;3;487717.5;487717.5
907;2022;4;469057;469057
907;2022;5;462826.5;462826.5
907;2022;6;458327.5;458327.5
907;2021;7;491272.5;491272.5
907;2021;8;506259;506259
907;2021;9;461192.5;461192.5
907;2021;10;456020.5;456020.5
907;2021;11;476266.5;476266.5
907;2021;12;490413;490413
908;2022;1;228584;228584
908;2022;2;184996.5;184996.5
908;2022;3;212931.5;212931.5
908;2022;4;208723.5;208723.5
908;2022;5;204643.5;204643.5
908;2022;6;201354.5;201354.5
908;2021;7;219963;219963
908;2021;8;254693;254693
908;2021;9;229164.5;229164.5
908;2021;10;230761;230761
908;2021;11;239332.5;239332.5
908;2021;12;246617;246617
909;2022;1;348433;348433
909;2022;2;267459;267459
909;2022;3;308708;308708
909;2022;4;296221;296221
909;2022;5;292024;292024
909;2022;6;286415;286415
909;2021;7;310427;310427
909;2021;8;367999;367999
909;2021;9;342666;342666
909;2021;10;343029;343029
909;2021;11;355674.5;355674.5
909;2021;12;366952.5;366952.5
910;2022;1;337216;337216
910;2022;2;228488;228488
910;2022;3;257785.5;257785.5
910;2022;4;238387;238387
910;2022;5;235079;235079
910;2022;6;231623.5;231623.5
910;2021;7;247104.5;247104.5
910;2021;8;366230.5;366230.5
910;2021;9;338939.5;338939.5
910;2021;10;331365;331365
910;2021;11;356224;356224
910;2021;12;365751.5;365751.5
911;2022;1;892435.5;892435.5
911;2022;2;769248;769248
911;2022;3;869838.5;869838.5
911;2022;4;800431;800431
911;2022;5;807062;807062
911;2022;6;816627.5;816627.5
911;2021;7;868357.5;868357.5
911;2021;8;994684.5;994684.5
911;2021;9;915888.5;915888.5
911;2021;10;886688.5;886688.5
911;2021;11;967864.5;967864.5
911;2021;12;1006670;1006670
912;2022;1;262266;262266
912;2022;2;228314;228314
912;2022;3;272026;272026
912;2022;4;260383;260383
912;2022;5;265786;265786
912;2022;6;264771.5;264771.5
912;2021;7;286182.5;286182.5
912;2021;8;303618.5;303618.5
912;2021;9;286012.5;286012.5
912;2021;10;282134;282134
912;2021;11;291632.5;291632.5
912;2021;12;296796.5;296796.5
1001;2022;1;412609.5;412609.5
1001;2022;2;338672.5;338672.5
1001;2022;3;473569;473569
1001;2022;4;572841;572841
1001;2022;5;470665;470665
1001;2022;6;396362;396362
1001;2021;7;423314.5;423314.5
1001;2021;8;511890;511890
1001;2021;9;505141.5;505141.5
1001;2021;10;760567.5;760567.5
1001;2021;11;696606;696606
1001;2021;12;454628;454628
1002;2022;1;988851;988851
1002;2022;2;646782.5;646782.5
1002;2022;3;747331.5;747331.5
1002;2022;4;695282.5;695282.5
1002;2022;5;692621.5;692621.5
1002;2022;6;688682;688682
1002;2021;7;702508.5;702508.5
1002;2021;8;1005166;1005166
1002;2021;9;965968;965968
1002;2021;10;933564;933564
1002;2021;11;1032130;1032130
1002;2021;12;1051053.5;1051053.5
1003;2022;1;1464544.5;1464544.5
1003;2022;2;836053.5;836053.5
1003;2022;3;999547.5;999547.5
1003;2022;4;945491.5;945491.5
1003;2022;5;918851;918851
1003;2022;6;926473.5;926473.5
1003;2021;7;963165.5;963165.5
1003;2021;8;1476748;1476748
1003;2021;9;1407448.5;1407448.5
1003;2021;10;1364074.5;1364074.5
1003;2021;11;1441886.5;1441886.5
1003;2021;12;1489163;1489163
1004;2022;1;455959;455959
1004;2022;2;325014.5;325014.5
1004;2022;3;369165;369165
1004;2022;4;341913;341913
1004;2022;5;338779.5;338779.5
1004;2022;6;331420;331420
1004;2021;7;339118.5;339118.5
1004;2021;8;445068.5;445068.5
1004;2021;9;432802.5;432802.5
1004;2021;10;410464.5;410464.5
1004;2021;11;448282;448282
1004;2021;12;463230.5;463230.5
1005;2022;1;881993;881993
1005;2022;2;580268;580268
1005;2022;3;661227.5;661227.5
1005;2022;4;617412;617412
1005;2022;5;605262.5;605262.5
1005;2022;6;602529;602529
1005;2021;7;601548.5;601548.5
1005;2021;8;870197.5;870197.5
1005;2021;9;850269;850269
1005;2021;10;826898.5;826898.5
1005;2021;11;873396;873396
1005;2021;12;895869;895869
1006;2022;1;930468;930468
1006;2022;2;596304;596304
1006;2022;3;831250.5;831250.5
1006;2022;4;789165.5;789165.5
1006;2022;5;781954;781954
1006;2022;6;784610.5;784610.5
1006;2021;7;779609;779609
1006;2021;8;966182;966182
1006;2021;9;968498;968498
1006;2021;10;933638.5;933638.5
1006;2021;11;1010705;1010705
1006;2021;12;1024259.5;1024259.5
1007;2022;1;848374;848374
1007;2022;2;683460;683460
1007;2022;3;800597;800597
1007;2022;4;765743;765743
1007;2022;5;756422;756422
1007;2022;6;758403;758403
1007;2021;7;767173;767173
1007;2021;8;776173;776173
1007;2021;9;753780.5;753780.5
1007;2021;10;750743.5;750743.5
1007;2021;11;813538;813538
1007;2021;12;827682.5;827682.5
1008;2022;1;670395.5;670395.5
1008;2022;2;440377.5;440377.5
1008;2022;3;509219;509219
1008;2022;4;481496;481496
1008;2022;5;468324.5;468324.5
1008;2022;6;457780.5;457780.5
1008;2021;7;465640;465640
1008;2021;8;664763.5;664763.5
1008;2021;9;623900;623900
1008;2021;10;607763;607763
1008;2021;11;649240.5;649240.5
1008;2021;12;662850;662850
1010;2022;1;671908.5;671908.5
1010;2022;2;602401;602401
1010;2022;3;685272.5;685272.5
1010;2022;4;639225.5;639225.5
1010;2022;5;617359.5;617359.5
1010;2022;6;616486;616486
1010;2021;7;661112.5;661112.5
1010;2021;8;710322.5;710322.5
1010;2021;9;646425.5;646425.5
1010;2021;10;631669;631669
1010;2021;11;684591;684591
1010;2021;12;715662.5;715662.5
1012;2022;1;770257;770257
1012;2022;2;553339.5;553339.5
1012;2022;3;685496;685496
1012;2022;4;656653;656653
1012;2022;5;647413;647413
1012;2022;6;633350;633350
1012;2021;7;633787.5;633787.5
1012;2021;8;787892.5;787892.5
1012;2021;9;765427;765427
1012;2021;10;756329.5;756329.5
1012;2021;11;796672;796672
1012;2021;12;808228;808228
1013;2022;1;692996;692996
1013;2022;2;625963.5;625963.5
1013;2022;3;654348.5;654348.5
1013;2022;4;544614;544614
1013;2022;5;546641.5;546641.5
1013;2022;6;528953.5;528953.5
1013;2021;7;526547;526547
1013;2021;8;689377.5;689377.5
1013;2021;9;653066;653066
1013;2021;10;628738.5;628738.5
1013;2021;11;680726;680726
1013;2021;12;694311;694311
1014;2022;1;781228.5;781228.5
1014;2022;2;781228.5;781228.5
1014;2022;3;781228.5;781228.5
1014;2022;4;781228.5;781228.5
1014;2022;5;783147;783147
1014;2022;6;782591.5;782591.5
1014;2021;7;827363.5;827363.5
1014;2021;8;827363.5;827363.5
1014;2021;9;827363.5;827363.5
1014;2021;10;827363.5;827363.5
1014;2021;11;827363.5;827363.5
1014;2021;12;827363.5;827363.5
1015;2022;1;1088960.5;1088960.5
1015;2022;2;1012277;1012277
1015;2022;3;1036663.5;1036663.5
1015;2022;4;857182;857182
1015;2022;5;854394.5;854394.5
1015;2022;6;865691.5;865691.5
1015;2021;7;897639;897639
1015;2021;8;1048256.5;1048256.5
1015;2021;9;962308;962308
1015;2021;10;931274;931274
1015;2021;11;1015924;1015924
1015;2021;12;1052369.5;1052369.5
1016;2022;1;220504.5;220504.5
1016;2022;2;147560.5;147560.5
1016;2022;3;151055.5;151055.5
1016;2022;4;171159;171159
1016;2022;5;150012.5;150012.5
1016;2022;6;136422;136422
1016;2021;7;150182.5;150182.5
1016;2021;8;208545.5;208545.5
1016;2021;9;170608.5;170608.5
1016;2021;10;188041.5;188041.5
1016;2021;11;197297;197297
1016;2021;12;184461;184461
1017;2022;1;1198991.5;1198991.5
1017;2022;2;902788.5;902788.5
1017;2022;3;973504;973504
1017;2022;4;979132.5;979132.5
1017;2022;5;936956.5;936956.5
1017;2022;6;941941;941941
1017;2021;7;993112;993112
1017;2021;8;1294128;1294128
1017;2021;9;1156238;1156238
1017;2021;10;1142611;1142611
1017;2021;11;1183977;1183977
1017;2021;12;1219767.5;1219767.5
1019;2022;1;886405;886405
1019;2022;2;814525;814525
1019;2022;3;916940.5;916940.5
1019;2022;4;837418;837418
1019;2022;5;839130;839130
1019;2022;6;829292.5;829292.5
1019;2021;7;871276;871276
1019;2021;8;882703.5;882703.5
1019;2021;9;813840.5;813840.5
1019;2021;10;783843.5;783843.5
1019;2021;11;860114;860114
1019;2021;12;892257;892257
1022;2022;1;877010;877010
1022;2022;2;564188.5;564188.5
1022;2022;3;634356;634356
1022;2022;4;602696.5;602696.5
1022;2022;5;599820.5;599820.5
1022;2022;6;591812.5;591812.5
1022;2021;7;628845.5;628845.5
1022;2021;8;876808;876808
1022;2021;9;802122;802122
1022;2021;10;794391.5;794391.5
1022;2021;11;839011.5;839011.5
1022;2021;12;857467;857467
1023;2022;1;774540.5;774540.5
1023;2022;2;649116.5;649116.5
1023;2022;3;729230.5;729230.5
1023;2022;4;716685.5;716685.5
1023;2022;5;695750;695750
1023;2022;6;683388.5;683388.5
1023;2021;7;750855.5;750855.5
1023;2021;8;859720.5;859720.5
1023;2021;9;771503;771503
1023;2021;10;764053.5;764053.5
1023;2021;11;773097.5;773097.5
1023;2021;12;781539.5;781539.5
1024;2022;1;1407770.5;1407770.5
1024;2022;2;1119998.5;1119998.5
1024;2022;3;1330500;1330500
1024;2022;4;1293966;1293966
1024;2022;5;1271851;1271851
1024;2022;6;1254953;1254953
1024;2021;7;1402666;1402666
1024;2021;8;1619951;1619951
1024;2021;9;1420499.5;1420499.5
1024;2021;10;1431223;1431223
1024;2021;11;1497164;1497164
1024;2021;12;1527075.5;1527075.5
1025;2022;1;137348;137348
1025;2022;2;106866;106866
1025;2022;3;137239;137239
1025;2022;4;135193.5;135193.5
1025;2022;5;138803;138803
1025;2022;6;139534;139534
1025;2021;7;152125;152125
1025;2021;8;156782;156782
1025;2021;9;140659.5;140659.5
1025;2021;10;138371.5;138371.5
1025;2021;11;142131;142131
1025;2021;12;137474.5;137474.5
1026;2022;1;530272.5;530272.5
1026;2022;2;350181.5;350181.5
1026;2022;3;404679;404679
1026;2022;4;382940.5;382940.5
1026;2022;5;384928;384928
1026;2022;6;379210.5;379210.5
1026;2021;7;401518.5;401518.5
1026;2021;8;559473;559473
1026;2021;9;508377.5;508377.5
1026;2021;10;498472;498472
1026;2021;11;532334.5;532334.5
1026;2021;12;544926;544926
1028;2022;1;471306;471306
1028;2022;2;365239.5;365239.5
1028;2022;3;416052.5;416052.5
1028;2022;4;400678.5;400678.5
1028;2022;5;395191.5;395191.5
1028;2022;6;383014.5;383014.5
1028;2021;7;411906.5;411906.5
1028;2021;8;501622.5;501622.5
1028;2021;9;455860;455860
1028;2021;10;452538;452538
1028;2021;11;467292.5;467292.5
1028;2021;12;478359.5;478359.5
1029;2022;1;524162.5;524162.5
1029;2022;2;233186;233186
1029;2022;3;271660.5;271660.5
1029;2022;4;261043.5;261043.5
1029;2022;5;260335;260335
1029;2022;6;251708;251708
1029;2021;7;261128;261128
1029;2021;8;451908;451908
1029;2021;9;420359.5;420359.5
1029;2021;10;432454.5;432454.5
1029;2021;11;430572;430572
1029;2021;12;440340.5;440340.5
1030;2022;1;696271.5;696271.5
1030;2022;2;497783.5;497783.5
1030;2022;3;570415.5;570415.5
1030;2022;4;551573.5;551573.5
1030;2022;5;546048;546048
1030;2022;6;535557;535557
1030;2021;7;557858.5;557858.5
1030;2021;8;723722;723722
1030;2021;9;676291.5;676291.5
1030;2021;10;663321.5;663321.5
1030;2021;11;704592;704592
1030;2021;12;721484.5;721484.5
1031;2022;1;714288;714288
1031;2022;2;472692.5;472692.5
1031;2022;3;548598;548598
1031;2022;4;526023.5;526023.5
1031;2022;5;517644;517644
1031;2022;6;509111;509111
1031;2021;7;532633;532633
1031;2021;8;728302;728302
1031;2021;9;680491.5;680491.5
1031;2021;10;675568.5;675568.5
1031;2021;11;705558;705558
1031;2021;12;721818.5;721818.5
1032;2022;1;405075.5;405075.5
1032;2022;2;1043410;1043410
1032;2022;3;1061353.5;1061353.5
1032;2022;4;1223703.5;1223703.5
1032;2022;5;1258510;1258510
1032;2022;6;1346837.5;1346837.5
1032;2021;7;1347515.5;1347515.5
1032;2021;8;418175.5;418175.5
1032;2021;9;406032;406032
1032;2021;10;561064.5;561064.5
1032;2021;11;626371;626371
1032;2021;12;652051.5;652051.5
1033;2022;1;171363.5;171363.5
1033;2022;2;192616.5;192616.5
1033;2022;3;225555;225555
1033;2022;4;220219.5;220219.5
1033;2022;5;222699.5;222699.5
1033;2022;6;223435.5;223435.5
1033;2021;7;254808.5;254808.5
1033;2021;8;213849;213849
1033;2021;9;184435.5;184435.5
1033;2021;10;189144.5;189144.5
1033;2021;11;197726;197726
1033;2021;12;205107;205107
1034;2022;1;611979;611979
1034;2022;2;437916;437916
1034;2022;3;547828;547828
1034;2022;4;523362.5;523362.5
1034;2022;5;515211;515211
1034;2022;6;495853.5;495853.5
1034;2021;7;490969.5;490969.5
1034;2021;8;586331.5;586331.5
1034;2021;9;584718;584718
1034;2021;10;579418.5;579418.5
1034;2021;11;627610;627610
1034;2021;12;615432.5;615432.5
1035;2022;1;310156.5;310156.5
1035;2022;2;869640.5;869640.5
1035;2022;3;910174.5;910174.5
1035;2022;4;1039310.5;1039310.5
1035;2022;5;1062646;1062646
1035;2022;6;1079068.5;1079068.5
1035;2021;7;1459565;1459565
1035;2021;8;314188;314188
1035;2021;9;295473.5;295473.5
1035;2021;10;290579;290579
1035;2021;11;293738.5;293738.5
1035;2021;12;300586;300586
1036;2022;1;293817;293817
1036;2022;2;195227;195227
1036;2022;3;223877.5;223877.5
1036;2022;4;215893;215893
1036;2022;5;212208;212208
1036;2022;6;208355;208355
1036;2021;7;223860;223860
1036;2021;8;319480;319480
1036;2021;9;289191;289191
1036;2021;10;288415.5;288415.5
1036;2021;11;303823;303823
1036;2021;12;308689;308689
1037;2022;1;484076;484076
1037;2022;2;318257;318257
1037;2022;3;352382.5;352382.5
1037;2022;4;340190;340190
1037;2022;5;339297.5;339297.5
1037;2022;6;337407.5;337407.5
1037;2021;7;370599;370599
1037;2021;8;520751.5;520751.5
1037;2021;9;477841;477841
1037;2021;10;473272.5;473272.5
1037;2021;11;499320.5;499320.5
1037;2021;12;514764.5;514764.5
1039;2022;1;229142;229142
1039;2022;2;143289;143289
1039;2022;3;169576.5;169576.5
1039;2022;4;165396;165396
1039;2022;5;164443.5;164443.5
1039;2022;6;161018.5;161018.5
1039;2021;7;167978;167978
1039;2021;8;246338.5;246338.5
1039;2021;9;233625;233625
1039;2021;10;232359;232359
1039;2021;11;248150;248150
1039;2021;12;247683.5;247683.5
1041;2022;1;543691.5;543691.5
1041;2022;2;417080;417080
1041;2022;3;496762;496762
1041;2022;4;471737.5;471737.5
1041;2022;5;464488;464488
1041;2022;6;454358.5;454358.5
1041;2021;7;480099;480099
1041;2021;8;519375;519375
1041;2021;9;485025;485025
1041;2021;10;491964.5;491964.5
1041;2021;11;537406;537406
1041;2021;12;549602.5;549602.5
1043;2022;1;453779;453779
1043;2022;2;319867.5;319867.5
1043;2022;3;374717.5;374717.5
1043;2022;4;350251;350251
1043;2022;5;352827;352827
1043;2022;6;346147.5;346147.5
1043;2021;7;350394.5;350394.5
1043;2021;8;439697;439697
1043;2021;9;427061;427061
1043;2021;10;408403.5;408403.5
1043;2021;11;447639;447639
1043;2021;12;459285.5;459285.5
1044;2022;1;577078.5;577078.5
1044;2022;2;390701.5;390701.5
1044;2022;3;450251.5;450251.5
1044;2022;4;439935;439935
1044;2022;5;427329.5;427329.5
1044;2022;6;423704.5;423704.5
1044;2021;7;443211;443211
1044;2021;8;576954;576954
1044;2021;9;544190;544190
1044;2021;10;529322;529322
1044;2021;11;567567.5;567567.5
1044;2021;12;572420.5;572420.5
1045;2022;1;187711.5;187711.5
1045;2022;2;141979.5;141979.5
1045;2022;3;181494;181494
1045;2022;4;178283.5;178283.5
1045;2022;5;176644;176644
1045;2022;6;173286;173286
1045;2021;7;174562.5;174562.5
1045;2021;8;199790.5;199790.5
1045;2021;9;199006;199006
1045;2021;10;196182;196182
1045;2021;11;199147;199147
1045;2021;12;198661;198661
1102;2022;1;0;0
1102;2022;2;0;0
1102;2022;3;0;0
1102;2022;4;0;0
1102;2022;5;0;0
1102;2022;6;0;0
1102;2021;7;0;0
1102;2021;8;0;0
1102;2021;9;0;0
1102;2021;10;0;0
1102;2021;11;0;0
1102;2021;12;0;0
1103;2022;1;0;0
1103;2022;2;0;0
1103;2022;3;0;0
1103;2022;4;0;0
1103;2022;5;0;0
1103;2022;6;0;0
1103;2021;7;0;0
1103;2021;8;0;0
1103;2021;9;0;0
1103;2021;10;0;0
1103;2021;11;0;0
1103;2021;12;0;0
1302;2022;1;0;0
1302;2022;2;0;0
1302;2022;3;0;0
1302;2022;4;0;0
1302;2022;5;0;0
1302;2022;6;0;0
1302;2021;7;0;0
1302;2021;8;0;0
1302;2021;9;0;0
1302;2021;10;0;0
1302;2021;11;0;0
1302;2021;12;0;0
1304;2022;1;0;0
1304;2022;2;0;0
1304;2022;3;0;0
1304;2022;4;0;0
1304;2022;5;0;0
1304;2022;6;0;0
1304;2021;7;0;0
1304;2021;8;0;0
1304;2021;9;0;0
1304;2021;10;0;0
1304;2021;11;0;0
1304;2021;12;0;0
1305;2022;1;0;0
1305;2022;2;0;0
1305;2022;3;0;0
1305;2022;4;0;0
1305;2022;5;0;0
1305;2022;6;0;0
1305;2021;7;0;0
1305;2021;8;0;0
1305;2021;9;0;0
1305;2021;10;0;0
1305;2021;11;0;0
1305;2021;12;0;0
1306;2022;1;0;0
1306;2022;2;0;0
1306;2022;3;0;0
1306;2022;4;0;0
1306;2022;5;0;0
1306;2022;6;0;0
1306;2021;7;0;0
1306;2021;8;0;0
1306;2021;9;0;0
1306;2021;10;0;0
1306;2021;11;0;0
1306;2021;12;0;0
1307;2022;1;0;0
1307;2022;2;0;0
1307;2022;3;0;0
1307;2022;4;0;0
1307;2022;5;0;0
1307;2022;6;0;0
1307;2021;7;0;0
1307;2021;8;0;0
1307;2021;9;0;0
1307;2021;10;0;0
1307;2021;11;0;0
1307;2021;12;0;0
1308;2022;1;0;0
1308;2022;2;0;0
1308;2022;3;0;0
1308;2022;4;0;0
1308;2022;5;0;0
1308;2022;6;0;0
1308;2021;7;0;0
1308;2021;8;0;0
1308;2021;9;0;0
1308;2021;10;0;0
1308;2021;11;0;0
1308;2021;12;0;0
1309;2022;1;0;0
1309;2022;2;0;0
1309;2022;3;0;0
1309;2022;4;0;0
1309;2022;5;0;0
1309;2022;6;0;0
1309;2021;7;0;0
1309;2021;8;0;0
1309;2021;9;0;0
1309;2021;10;0;0
1309;2021;11;0;0
1309;2021;12;0;0
1312;2022;1;0;0
1312;2022;2;0;0
1312;2022;3;0;0
1312;2022;4;0;0
1312;2022;5;0;0
1312;2022;6;0;0
1312;2021;7;0;0
1312;2021;8;0;0
1312;2021;9;0;0
1312;2021;10;0;0
1312;2021;11;0;0
1312;2021;12;0;0
1313;2022;1;0;0
1313;2022;2;0;0
1313;2022;3;0;0
1313;2022;4;0;0
1313;2022;5;0;0
1313;2022;6;0;0
1313;2021;7;0;0
1313;2021;8;0;0
1313;2021;9;0;0
1313;2021;10;0;0
1313;2021;11;0;0
1313;2021;12;0;0
1315;2022;1;0;0
1315;2022;2;0;0
1315;2022;3;0;0
1315;2022;4;0;0
1315;2022;5;0;0
1315;2022;6;0;0
1315;2021;7;0;0
1315;2021;8;0;0
1315;2021;9;0;0
1315;2021;10;0;0
1315;2021;11;0;0
1315;2021;12;0;0
1316;2022;1;0;0
1316;2022;2;0;0
1316;2022;3;0;0
1316;2022;4;0;0
1316;2022;5;0;0
1316;2022;6;0;0
1316;2021;7;0;0
1316;2021;8;0;0
1316;2021;9;0;0
1316;2021;10;0;0
1316;2021;11;0;0
1316;2021;12;0;0
1430;2022;1;0;0
1430;2022;2;0;0
1430;2022;3;0;0
1430;2022;4;0;0
1430;2022;5;0;0
1430;2022;6;0;0
1430;2021;7;0;0
1430;2021;8;0;0
1430;2021;9;0;0
1430;2021;10;0;0
1430;2021;11;0;0
1430;2021;12;0;0
1501;2022;1;0;0
1501;2022;2;0;0
1501;2022;3;0;0
1501;2022;4;0;0
1501;2022;5;0;0
1501;2022;6;0;0
1501;2021;7;0;0
1501;2021;8;0;0
1501;2021;9;0;0
1501;2021;10;0;0
1501;2021;11;0;0
1501;2021;12;0;0
1502;2022;1;0;0
1502;2022;2;0;0
1502;2022;3;0;0
1502;2022;4;0;0
1502;2022;5;0;0
1502;2022;6;0;0
1502;2021;7;0;0
1502;2021;8;0;0
1502;2021;9;0;0
1502;2021;10;0;0
1502;2021;11;0;0
1502;2021;12;0;0
1503;2022;1;0;0
1503;2022;2;0;0
1503;2022;3;0;0
1503;2022;4;0;0
1503;2022;5;0;0
1503;2022;6;0;0
1503;2021;7;0;0
1503;2021;8;0;0
1503;2021;9;0;0
1503;2021;10;0;0
1503;2021;11;0;0
1503;2021;12;0;0
1504;2022;1;0;0
1504;2022;2;0;0
1504;2022;3;0;0
1504;2022;4;0;0
1504;2022;5;0;0
1504;2022;6;0;0
1504;2021;7;0;0
1504;2021;8;0;0
1504;2021;9;0;0
1504;2021;10;0;0
1504;2021;11;0;0
1504;2021;12;0;0
1505;2022;1;0;0
1505;2022;2;0;0
1505;2022;3;0;0
1505;2022;4;0;0
1505;2022;5;0;0
1505;2022;6;0;0
1505;2021;7;0;0
1505;2021;8;0;0
1505;2021;9;0;0
1505;2021;10;0;0
1505;2021;11;0;0
1505;2021;12;0;0
1506;2022;1;0;0
1506;2022;2;0;0
1506;2022;3;0;0
1506;2022;4;0;0
1506;2022;5;0;0
1506;2022;6;0;0
1506;2021;7;0;0
1506;2021;8;0;0
1506;2021;9;0;0
1506;2021;10;0;0
1506;2021;11;0;0
1506;2021;12;0;0
1507;2022;1;0;0
1507;2022;2;0;0
1507;2022;3;0;0
1507;2022;4;0;0
1507;2022;5;0;0
1507;2022;6;0;0
1507;2021;7;0;0
1507;2021;8;0;0
1507;2021;9;0;0
1507;2021;10;0;0
1507;2021;11;0;0
1507;2021;12;0;0
1508;2022;1;0;0
1508;2022;2;0;0
1508;2022;3;0;0
1508;2022;4;0;0
1508;2022;5;0;0
1508;2022;6;0;0
1508;2021;7;0;0
1508;2021;8;0;0
1508;2021;9;0;0
1508;2021;10;0;0
1508;2021;11;0;0
1508;2021;12;0;0
1509;2022;1;0;0
1509;2022;2;0;0
1509;2022;3;0;0
1509;2022;4;0;0
1509;2022;5;0;0
1509;2022;6;0;0
1509;2021;7;0;0
1509;2021;8;0;0
1509;2021;9;0;0
1509;2021;10;0;0
1509;2021;11;0;0
1509;2021;12;0;0
1510;2022;1;0;0
1510;2022;2;0;0
1510;2022;3;0;0
1510;2022;4;0;0
1510;2022;5;0;0
1510;2022;6;0;0
1510;2021;7;0;0
1510;2021;8;0;0
1510;2021;9;0;0
1510;2021;10;0;0
1510;2021;11;0;0
1510;2021;12;0;0
1511;2022;1;0;0
1511;2022;2;0;0
1511;2022;3;0;0
1511;2022;4;0;0
1511;2022;5;0;0
1511;2022;6;0;0
1511;2021;7;0;0
1511;2021;8;0;0
1511;2021;9;0;0
1511;2021;10;0;0
1511;2021;11;0;0
1511;2021;12;0;0
1514;2022;1;0;0
1514;2022;2;0;0
1514;2022;3;0;0
1514;2022;4;0;0
1514;2022;5;0;0
1514;2022;6;0;0
1514;2021;7;0;0
1514;2021;8;0;0
1514;2021;9;0;0
1514;2021;10;0;0
1514;2021;11;0;0
1514;2021;12;0;0
1516;2022;1;0;0
1516;2022;2;0;0
1516;2022;3;0;0
1516;2022;4;0;0
1516;2022;5;0;0
1516;2022;6;0;0
1516;2021;7;0;0
1516;2021;8;0;0
1516;2021;9;0;0
1516;2021;10;0;0
1516;2021;11;0;0
1516;2021;12;0;0
1518;2022;1;0;0
1518;2022;2;0;0
1518;2022;3;0;0
1518;2022;4;0;0
1518;2022;5;0;0
1518;2022;6;0;0
1518;2021;7;0;0
1518;2021;8;0;0
1518;2021;9;0;0
1518;2021;10;0;0
1518;2021;11;0;0
1518;2021;12;0;0
1519;2022;1;0;0
1519;2022;2;0;0
1519;2022;3;0;0
1519;2022;4;0;0
1519;2022;5;0;0
1519;2022;6;0;0
1519;2021;7;0;0
1519;2021;8;0;0
1519;2021;9;0;0
1519;2021;10;0;0
1519;2021;11;0;0
1519;2021;12;0;0
1520;2022;1;0;0
1520;2022;2;0;0
1520;2022;3;0;0
1520;2022;4;0;0
1520;2022;5;0;0
1520;2022;6;0;0
1520;2021;7;0;0
1520;2021;8;0;0
1520;2021;9;0;0
1520;2021;10;0;0
1520;2021;11;0;0
1520;2021;12;0;0
1706;2022;1;0;0
1706;2022;2;0;0
1706;2022;3;0;0
1706;2022;4;0;0
1706;2022;5;0;0
1706;2022;6;0;0
1706;2021;7;0;0
1706;2021;8;0;0
1706;2021;9;0;0
1706;2021;10;0;0
1706;2021;11;0;0
1706;2021;12;0;0
1802;2022;1;0;0
1802;2022;2;0;0
1802;2022;3;0;0
1802;2022;4;0;0
1802;2022;5;0;0
1802;2022;6;0;0
1802;2021;7;0;0
1802;2021;8;0;0
1802;2021;9;0;0
1802;2021;10;0;0
1802;2021;11;0;0
1802;2021;12;0;0
1803;2022;1;0;0
1803;2022;2;0;0
1803;2022;3;0;0
1803;2022;4;0;0
1803;2022;5;0;0
1803;2022;6;0;0
1803;2021;7;0;0
1803;2021;8;0;0
1803;2021;9;0;0
1803;2021;10;0;0
1803;2021;11;0;0
1803;2021;12;0;0
1804;2022;1;0;0
1804;2022;2;0;0
1804;2022;3;0;0
1804;2022;4;0;0
1804;2022;5;0;0
1804;2022;6;0;0
1804;2021;7;0;0
1804;2021;8;0;0
1804;2021;9;0;0
1804;2021;10;0;0
1804;2021;11;0;0
1804;2021;12;0;0
1805;2022;1;0;0
1805;2022;2;0;0
1805;2022;3;0;0
1805;2022;4;0;0
1805;2022;5;0;0
1805;2022;6;0;0
1805;2021;7;0;0
1805;2021;8;0;0
1805;2021;9;0;0
1805;2021;10;0;0
1805;2021;11;0;0
1805;2021;12;0;0
1806;2022;1;0;0
1806;2022;2;0;0
1806;2022;3;0;0
1806;2022;4;0;0
1806;2022;5;0;0
1806;2022;6;0;0
1806;2021;7;0;0
1806;2021;8;0;0
1806;2021;9;0;0
1806;2021;10;0;0
1806;2021;11;0;0
1806;2021;12;0;0
1807;2022;1;0;0
1807;2022;2;0;0
1807;2022;3;0;0
1807;2022;4;0;0
1807;2022;5;0;0
1807;2022;6;0;0
1807;2021;7;0;0
1807;2021;8;0;0
1807;2021;9;0;0
1807;2021;10;0;0
1807;2021;11;0;0
1807;2021;12;0;0
1808;2022;1;0;0
1808;2022;2;0;0
1808;2022;3;0;0
1808;2022;4;0;0
1808;2022;5;0;0
1808;2022;6;0;0
1808;2021;7;0;0
1808;2021;8;0;0
1808;2021;9;0;0
1808;2021;10;0;0
1808;2021;11;0;0
1808;2021;12;0;0
1809;2022;1;0;0
1809;2022;2;0;0
1809;2022;3;0;0
1809;2022;4;0;0
1809;2022;5;0;0
1809;2022;6;0;0
1809;2021;7;0;0
1809;2021;8;0;0
1809;2021;9;0;0
1809;2021;10;0;0
1809;2021;11;0;0
1809;2021;12;0;0
1810;2022;1;0;0
1810;2022;2;0;0
1810;2022;3;0;0
1810;2022;4;0;0
1810;2022;5;0;0
1810;2022;6;0;0
1810;2021;7;0;0
1810;2021;8;0;0
1810;2021;9;0;0
1810;2021;10;0;0
1810;2021;11;0;0
1810;2021;12;0;0
1811;2022;1;0;0
1811;2022;2;0;0
1811;2022;3;0;0
1811;2022;4;0;0
1811;2022;5;0;0
1811;2022;6;0;0
1811;2021;7;0;0
1811;2021;8;0;0
1811;2021;9;0;0
1811;2021;10;0;0
1811;2021;11;0;0
1811;2021;12;0;0
1812;2022;1;0;0
1812;2022;2;0;0
1812;2022;3;0;0
1812;2022;4;0;0
1812;2022;5;0;0
1812;2022;6;0;0
1812;2021;7;0;0
1812;2021;8;0;0
1812;2021;9;0;0
1812;2021;10;0;0
1812;2021;11;0;0
1812;2021;12;0;0
1814;2022;1;0;0
1814;2022;2;0;0
1814;2022;3;0;0
1814;2022;4;0;0
1814;2022;5;0;0
1814;2022;6;0;0
1814;2021;7;0;0
1814;2021;8;0;0
1814;2021;9;0;0
1814;2021;10;0;0
1814;2021;11;0;0
1814;2021;12;0;0
2001;2022;1;0;0
2001;2022;2;0;0
2001;2022;3;0;0
2001;2022;4;0;0
2001;2022;5;0;0
2001;2022;6;0;0
2001;2021;7;0;0
2001;2021;8;0;0
2001;2021;9;0;0
2001;2021;10;0;0
2001;2021;11;0;0
2001;2021;12;0;0
2002;2022;1;0;0
2002;2022;2;0;0
2002;2022;3;0;0
2002;2022;4;0;0
2002;2022;5;0;0
2002;2022;6;0;0
2002;2021;7;0;0
2002;2021;8;0;0
2002;2021;9;0;0
2002;2021;10;0;0
2002;2021;11;0;0
2002;2021;12;0;0
2003;2022;1;0;0
2003;2022;2;0;0
2003;2022;3;0;0
2003;2022;4;0;0
2003;2022;5;0;0
2003;2022;6;0;0
2003;2021;7;0;0
2003;2021;8;0;0
2003;2021;9;0;0
2003;2021;10;0;0
2003;2021;11;0;0
2003;2021;12;0;0
2004;2022;1;0;0
2004;2022;2;0;0
2004;2022;3;0;0
2004;2022;4;0;0
2004;2022;5;0;0
2004;2022;6;0;0
2004;2021;7;0;0
2004;2021;8;0;0
2004;2021;9;0;0
2004;2021;10;0;0
2004;2021;11;0;0
2004;2021;12;0;0
2005;2022;1;0;0
2005;2022;2;0;0
2005;2022;3;0;0
2005;2022;4;0;0
2005;2022;5;0;0
2005;2022;6;0;0
2005;2021;7;0;0
2005;2021;8;0;0
2005;2021;9;0;0
2005;2021;10;0;0
2005;2021;11;0;0
2005;2021;12;0;0
2006;2022;1;0;0
2006;2022;2;0;0
2006;2022;3;0;0
2006;2022;4;0;0
2006;2022;5;0;0
2006;2022;6;0;0
2006;2021;7;0;0
2006;2021;8;0;0
2006;2021;9;0;0
2006;2021;10;0;0
2006;2021;11;0;0
2006;2021;12;0;0
2007;2022;1;0;0
2007;2022;2;0;0
2007;2022;3;0;0
2007;2022;4;0;0
2007;2022;5;0;0
2007;2022;6;0;0
2007;2021;7;0;0
2007;2021;8;0;0
2007;2021;9;0;0
2007;2021;10;0;0
2007;2021;11;0;0
2007;2021;12;0;0
2008;2022;1;0;0
2008;2022;2;0;0
2008;2022;3;0;0
2008;2022;4;0;0
2008;2022;5;0;0
2008;2022;6;0;0
2008;2021;7;0;0
2008;2021;8;0;0
2008;2021;9;0;0
2008;2021;10;0;0
2008;2021;11;0;0
2008;2021;12;0;0
2010;2022;1;0;0
2010;2022;2;0;0
2010;2022;3;0;0
2010;2022;4;0;0
2010;2022;5;0;0
2010;2022;6;0;0
2010;2021;7;0;0
2010;2021;8;0;0
2010;2021;9;0;0
2010;2021;10;0;0
2010;2021;11;0;0
2010;2021;12;0;0
2011;2022;1;0;0
2011;2022;2;0;0
2011;2022;3;0;0
2011;2022;4;0;0
2011;2022;5;0;0
2011;2022;6;0;0
2011;2021;7;0;0
2011;2021;8;0;0
2011;2021;9;0;0
2011;2021;10;0;0
2011;2021;11;0;0
2011;2021;12;0;0
2101;2022;1;0;0
2101;2022;2;0;0
2101;2022;3;0;0
2101;2022;4;0;0
2101;2022;5;0;0
2101;2022;6;0;0
2101;2021;7;0;0
2101;2021;8;0;0
2101;2021;9;0;0
2101;2021;10;0;0
2101;2021;11;0;0
2101;2021;12;0;0
2103;2022;1;0;0
2103;2022;2;0;0
2103;2022;3;0;0
2103;2022;4;0;0
2103;2022;5;0;0
2103;2022;6;0;0
2103;2021;7;0;0
2103;2021;8;0;0
2103;2021;9;0;0
2103;2021;10;0;0
2103;2021;11;0;0
2103;2021;12;0;0
2104;2022;1;0;0
2104;2022;2;0;0
2104;2022;3;0;0
2104;2022;4;0;0
2104;2022;5;0;0
2104;2022;6;0;0
2104;2021;7;0;0
2104;2021;8;0;0
2104;2021;9;0;0
2104;2021;10;0;0
2104;2021;11;0;0
2104;2021;12;0;0
2106;2022;1;0;0
2106;2022;2;0;0
2106;2022;3;0;0
2106;2022;4;0;0
2106;2022;5;0;0
2106;2022;6;0;0
2106;2021;7;0;0
2106;2021;8;0;0
2106;2021;9;0;0
2106;2021;10;0;0
2106;2021;11;0;0
2106;2021;12;0;0
2107;2022;1;0;0
2107;2022;2;0;0
2107;2022;3;0;0
2107;2022;4;0;0
2107;2022;5;0;0
2107;2022;6;0;0
2107;2021;7;0;0
2107;2021;8;0;0
2107;2021;9;0;0
2107;2021;10;0;0
2107;2021;11;0;0
2107;2021;12;0;0
2108;2022;1;0;0
2108;2022;2;0;0
2108;2022;3;0;0
2108;2022;4;0;0
2108;2022;5;0;0
2108;2022;6;0;0
2108;2021;7;0;0
2108;2021;8;0;0
2108;2021;9;0;0
2108;2021;10;0;0
2108;2021;11;0;0
2108;2021;12;0;0
2109;2022;1;0;0
2109;2022;2;0;0
2109;2022;3;0;0
2109;2022;4;0;0
2109;2022;5;0;0
2109;2022;6;0;0
2109;2021;7;0;0
2109;2021;8;0;0
2109;2021;9;0;0
2109;2021;10;0;0
2109;2021;11;0;0
2109;2021;12;0;0
2110;2022;1;0;0
2110;2022;2;0;0
2110;2022;3;0;0
2110;2022;4;0;0
2110;2022;5;0;0
2110;2022;6;0;0
2110;2021;7;0;0
2110;2021;8;0;0
2110;2021;9;0;0
2110;2021;10;0;0
2110;2021;11;0;0
2110;2021;12;0;0
2111;2022;1;0;0
2111;2022;2;0;0
2111;2022;3;0;0
2111;2022;4;0;0
2111;2022;5;0;0
2111;2022;6;0;0
2111;2021;7;0;0
2111;2021;8;0;0
2111;2021;9;0;0
2111;2021;10;0;0
2111;2021;11;0;0
2111;2021;12;0;0
2112;2022;1;0;0
2112;2022;2;0;0
2112;2022;3;0;0
2112;2022;4;0;0
2112;2022;5;0;0
2112;2022;6;0;0
2112;2021;7;0;0
2112;2021;8;0;0
2112;2021;9;0;0
2112;2021;10;0;0
2112;2021;11;0;0
2112;2021;12;0;0
2113;2022;1;0;0
2113;2022;2;0;0
2113;2022;3;0;0
2113;2022;4;0;0
2113;2022;5;0;0
2113;2022;6;0;0
2113;2021;7;0;0
2113;2021;8;0;0
2113;2021;9;0;0
2113;2021;10;0;0
2113;2021;11;0;0
2113;2021;12;0;0
2114;2022;1;0;0
2114;2022;2;0;0
2114;2022;3;0;0
2114;2022;4;0;0
2114;2022;5;0;0
2114;2022;6;0;0
2114;2021;7;0;0
2114;2021;8;0;0
2114;2021;9;0;0
2114;2021;10;0;0
2114;2021;11;0;0
2114;2021;12;0;0
2115;2022;1;0;0
2115;2022;2;0;0
2115;2022;3;0;0
2115;2022;4;0;0
2115;2022;5;0;0
2115;2022;6;0;0
2115;2021;7;0;0
2115;2021;8;0;0
2115;2021;9;0;0
2115;2021;10;0;0
2115;2021;11;0;0
2115;2021;12;0;0
2116;2022;1;0;0
2116;2022;2;0;0
2116;2022;3;0;0
2116;2022;4;0;0
2116;2022;5;0;0
2116;2022;6;0;0
2116;2021;7;0;0
2116;2021;8;0;0
2116;2021;9;0;0
2116;2021;10;0;0
2116;2021;11;0;0
2116;2021;12;0;0
2303;2022;1;0;0
2303;2022;2;0;0
2303;2022;3;0;0
2303;2022;4;0;0
2303;2022;5;0;0
2303;2022;6;0;0
2303;2021;7;0;0
2303;2021;8;0;0
2303;2021;9;0;0
2303;2021;10;0;0
2303;2021;11;0;0
2303;2021;12;0;0
2304;2022;1;0;0
2304;2022;2;0;0
2304;2022;3;0;0
2304;2022;4;0;0
2304;2022;5;0;0
2304;2022;6;0;0
2304;2021;7;0;0
2304;2021;8;0;0
2304;2021;9;0;0
2304;2021;10;0;0
2304;2021;11;0;0
2304;2021;12;0;0
2305;2022;1;0;0
2305;2022;2;0;0
2305;2022;3;0;0
2305;2022;4;0;0
2305;2022;5;0;0
2305;2022;6;0;0
2305;2021;7;0;0
2305;2021;8;0;0
2305;2021;9;0;0
2305;2021;10;0;0
2305;2021;11;0;0
2305;2021;12;0;0
2306;2022;1;0;0
2306;2022;2;0;0
2306;2022;3;0;0
2306;2022;4;0;0
2306;2022;5;0;0
2306;2022;6;0;0
2306;2021;7;0;0
2306;2021;8;0;0
2306;2021;9;0;0
2306;2021;10;0;0
2306;2021;11;0;0
2306;2021;12;0;0
2307;2022;1;0;0
2307;2022;2;0;0
2307;2022;3;0;0
2307;2022;4;0;0
2307;2022;5;0;0
2307;2022;6;0;0
2307;2021;7;0;0
2307;2021;8;0;0
2307;2021;9;0;0
2307;2021;10;0;0
2307;2021;11;0;0
2307;2021;12;0;0
2308;2022;1;0;0
2308;2022;2;0;0
2308;2022;3;0;0
2308;2022;4;0;0
2308;2022;5;0;0
2308;2022;6;0;0
2308;2021;7;0;0
2308;2021;8;0;0
2308;2021;9;0;0
2308;2021;10;0;0
2308;2021;11;0;0
2308;2021;12;0;0
2404;2022;1;0;0
2404;2022;2;0;0
2404;2022;3;0;0
2404;2022;4;0;0
2404;2022;5;0;0
2404;2022;6;0;0
2404;2021;7;0;0
2404;2021;8;0;0
2404;2021;9;0;0
2404;2021;10;0;0
2404;2021;11;0;0
2404;2021;12;0;0
2405;2022;1;0;0
2405;2022;2;0;0
2405;2022;3;0;0
2405;2022;4;0;0
2405;2022;5;0;0
2405;2022;6;0;0
2405;2021;7;0;0
2405;2021;8;0;0
2405;2021;9;0;0
2405;2021;10;0;0
2405;2021;11;0;0
2405;2021;12;0;0
